Eval_AverageReturn,Eval_StdReturn,Eval_MaxReturn,Eval_MinReturn,Eval_AverageEpLen,step,Train_EpisodeReturn,Train_EpisodeLen,critic_loss,q_values,target_values,grad_norm,epsilon,lr
31.9,8.3,50.0,22.0,31.9,0,,,,,,,,
,,,,,16,17.0,17,,,,,,
,,,,,36,20.0,20,,,,,,
,,,,,55,19.0,19,,,,,,
,,,,,97,42.0,42,,,,,,
,,,,,107,10.0,10,,,,,,
,,,,,119,12.0,12,,,,,,
,,,,,133,14.0,14,,,,,,
,,,,,152,19.0,19,,,,,,
,,,,,177,25.0,25,,,,,,
,,,,,195,18.0,18,,,,,,
,,,,,214,19.0,19,,,,,,
,,,,,241,27.0,27,,,,,,
,,,,,263,22.0,22,,,,,,
,,,,,302,39.0,39,,,,,,
,,,,,320,18.0,18,,,,,,
,,,,,360,40.0,40,,,,,,
,,,,,371,11.0,11,,,,,,
,,,,,387,16.0,16,,,,,,
,,,,,409,22.0,22,,,,,,
,,,,,443,34.0,34,,,,,,
,,,,,471,28.0,28,,,,,,
,,,,,485,14.0,14,,,,,,
,,,,,503,18.0,18,,,,,,
,,,,,520,17.0,17,,,,,,
,,,,,563,43.0,43,,,,,,
,,,,,583,20.0,20,,,,,,
,,,,,607,24.0,24,,,,,,
,,,,,629,22.0,22,,,,,,
,,,,,645,16.0,16,,,,,,
,,,,,661,16.0,16,,,,,,
,,,,,677,16.0,16,,,,,,
,,,,,694,17.0,17,,,,,,
,,,,,730,36.0,36,,,,,,
,,,,,743,13.0,13,,,,,,
,,,,,777,34.0,34,,,,,,
,,,,,801,24.0,24,,,,,,
,,,,,811,10.0,10,,,,,,
,,,,,832,21.0,21,,,,,,
,,,,,846,14.0,14,,,,,,
,,,,,857,11.0,11,,,,,,
,,,,,866,9.0,9,,,,,,
,,,,,886,20.0,20,,,,,,
,,,,,896,10.0,10,,,,,,
,,,,,943,47.0,47,,,,,,
,,,,,987,44.0,44,,,,,,
,,,,,1000,,,1.0801262855529785,0.07075656205415726,1.1045551300048828,2.7944860458374023,0.97,0.0005
,,,,,1012,25.0,25,,,,,,
,,,,,1046,34.0,34,,,,,,
,,,,,1061,15.0,15,,,,,,
,,,,,1097,36.0,36,,,,,,
,,,,,1115,18.0,18,,,,,,
,,,,,1133,18.0,18,,,,,,
,,,,,1168,35.0,35,,,,,,
,,,,,1187,19.0,19,,,,,,
,,,,,1211,24.0,24,,,,,,
,,,,,1227,16.0,16,,,,,,
,,,,,1239,12.0,12,,,,,,
,,,,,1272,33.0,33,,,,,,
,,,,,1321,49.0,49,,,,,,
,,,,,1354,33.0,33,,,,,,
,,,,,1375,21.0,21,,,,,,
,,,,,1395,20.0,20,,,,,,
,,,,,1407,12.0,12,,,,,,
,,,,,1420,13.0,13,,,,,,
,,,,,1448,28.0,28,,,,,,
,,,,,1463,15.0,15,,,,,,
,,,,,1477,14.0,14,,,,,,
,,,,,1497,20.0,20,,,,,,
,,,,,1509,12.0,12,,,,,,
,,,,,1552,43.0,43,,,,,,
,,,,,1563,11.0,11,,,,,,
,,,,,1582,19.0,19,,,,,,
,,,,,1635,53.0,53,,,,,,
,,,,,1659,24.0,24,,,,,,
,,,,,1674,15.0,15,,,,,,
,,,,,1686,12.0,12,,,,,,
,,,,,1710,24.0,24,,,,,,
,,,,,1734,24.0,24,,,,,,
,,,,,1746,12.0,12,,,,,,
,,,,,1806,60.0,60,,,,,,
,,,,,1819,13.0,13,,,,,,
,,,,,1836,17.0,17,,,,,,
,,,,,1850,14.0,14,,,,,,
,,,,,1889,39.0,39,,,,,,
,,,,,1922,33.0,33,,,,,,
,,,,,1937,15.0,15,,,,,,
,,,,,2000,,,0.003539562691003084,1.1387085914611816,1.135793685913086,0.07078813761472702,0.94,0.0005
,,,,,2003,66.0,66,,,,,,
,,,,,2027,24.0,24,,,,,,
,,,,,2038,11.0,11,,,,,,
,,,,,2060,22.0,22,,,,,,
,,,,,2084,24.0,24,,,,,,
,,,,,2099,15.0,15,,,,,,
,,,,,2111,12.0,12,,,,,,
,,,,,2125,14.0,14,,,,,,
,,,,,2145,20.0,20,,,,,,
,,,,,2157,12.0,12,,,,,,
,,,,,2167,10.0,10,,,,,,
,,,,,2187,20.0,20,,,,,,
,,,,,2206,19.0,19,,,,,,
,,,,,2228,22.0,22,,,,,,
,,,,,2262,34.0,34,,,,,,
,,,,,2279,17.0,17,,,,,,
,,,,,2290,11.0,11,,,,,,
,,,,,2303,13.0,13,,,,,,
,,,,,2320,17.0,17,,,,,,
,,,,,2338,18.0,18,,,,,,
,,,,,2348,10.0,10,,,,,,
,,,,,2357,9.0,9,,,,,,
,,,,,2372,15.0,15,,,,,,
,,,,,2446,74.0,74,,,,,,
,,,,,2465,19.0,19,,,,,,
,,,,,2488,23.0,23,,,,,,
9.5,0.5,10.0,9.0,9.5,2500,,,0.03616243600845337,2.1133787631988525,2.111290216445923,0.1425492912530899,0.925,0.0005
,,,,,2512,24.0,24,,,,,,
,,,,,2532,20.0,20,,,,,,
,,,,,2544,12.0,12,,,,,,
,,,,,2564,20.0,20,,,,,,
,,,,,2582,18.0,18,,,,,,
,,,,,2616,34.0,34,,,,,,
,,,,,2630,14.0,14,,,,,,
,,,,,2640,10.0,10,,,,,,
,,,,,2652,12.0,12,,,,,,
,,,,,2663,11.0,11,,,,,,
,,,,,2675,12.0,12,,,,,,
,,,,,2758,83.0,83,,,,,,
,,,,,2783,25.0,25,,,,,,
,,,,,2796,13.0,13,,,,,,
,,,,,2822,26.0,26,,,,,,
,,,,,2841,19.0,19,,,,,,
,,,,,2856,15.0,15,,,,,,
,,,,,2867,11.0,11,,,,,,
,,,,,2883,16.0,16,,,,,,
,,,,,2915,32.0,32,,,,,,
,,,,,2930,15.0,15,,,,,,
,,,,,2945,15.0,15,,,,,,
,,,,,2968,23.0,23,,,,,,
,,,,,2994,26.0,26,,,,,,
,,,,,3000,,,0.04485349729657173,2.1309401988983154,2.124662399291992,0.07513033598661423,0.91,0.0005
,,,,,3008,14.0,14,,,,,,
,,,,,3022,14.0,14,,,,,,
,,,,,3036,14.0,14,,,,,,
,,,,,3049,13.0,13,,,,,,
,,,,,3066,17.0,17,,,,,,
,,,,,3094,28.0,28,,,,,,
,,,,,3116,22.0,22,,,,,,
,,,,,3137,21.0,21,,,,,,
,,,,,3160,23.0,23,,,,,,
,,,,,3173,13.0,13,,,,,,
,,,,,3211,38.0,38,,,,,,
,,,,,3239,28.0,28,,,,,,
,,,,,3270,31.0,31,,,,,,
,,,,,3284,14.0,14,,,,,,
,,,,,3299,15.0,15,,,,,,
,,,,,3317,18.0,18,,,,,,
,,,,,3341,24.0,24,,,,,,
,,,,,3353,12.0,12,,,,,,
,,,,,3366,13.0,13,,,,,,
,,,,,3421,55.0,55,,,,,,
,,,,,3434,13.0,13,,,,,,
,,,,,3473,39.0,39,,,,,,
,,,,,3488,15.0,15,,,,,,
,,,,,3505,17.0,17,,,,,,
,,,,,3528,23.0,23,,,,,,
,,,,,3563,35.0,35,,,,,,
,,,,,3577,14.0,14,,,,,,
,,,,,3587,10.0,10,,,,,,
,,,,,3600,13.0,13,,,,,,
,,,,,3612,12.0,12,,,,,,
,,,,,3629,17.0,17,,,,,,
,,,,,3656,27.0,27,,,,,,
,,,,,3671,15.0,15,,,,,,
,,,,,3686,15.0,15,,,,,,
,,,,,3702,16.0,16,,,,,,
,,,,,3712,10.0,10,,,,,,
,,,,,3726,14.0,14,,,,,,
,,,,,3737,11.0,11,,,,,,
,,,,,3788,51.0,51,,,,,,
,,,,,3820,32.0,32,,,,,,
,,,,,3846,26.0,26,,,,,,
,,,,,3860,14.0,14,,,,,,
,,,,,3879,19.0,19,,,,,,
,,,,,3896,17.0,17,,,,,,
,,,,,3916,20.0,20,,,,,,
,,,,,3938,22.0,22,,,,,,
,,,,,3952,14.0,14,,,,,,
,,,,,3975,23.0,23,,,,,,
,,,,,4000,,,0.0811566710472107,3.0451693534851074,3.071293830871582,0.21765409409999847,0.88,0.0005
,,,,,4004,29.0,29,,,,,,
,,,,,4016,12.0,12,,,,,,
,,,,,4047,31.0,31,,,,,,
,,,,,4079,32.0,32,,,,,,
,,,,,4126,47.0,47,,,,,,
,,,,,4156,30.0,30,,,,,,
,,,,,4175,19.0,19,,,,,,
,,,,,4187,12.0,12,,,,,,
,,,,,4211,24.0,24,,,,,,
,,,,,4231,20.0,20,,,,,,
,,,,,4295,64.0,64,,,,,,
,,,,,4333,38.0,38,,,,,,
,,,,,4363,30.0,30,,,,,,
,,,,,4385,22.0,22,,,,,,
,,,,,4406,21.0,21,,,,,,
,,,,,4434,28.0,28,,,,,,
,,,,,4463,29.0,29,,,,,,
,,,,,4481,18.0,18,,,,,,
,,,,,4515,34.0,34,,,,,,
,,,,,4562,47.0,47,,,,,,
,,,,,4576,14.0,14,,,,,,
,,,,,4599,23.0,23,,,,,,
,,,,,4615,16.0,16,,,,,,
,,,,,4679,64.0,64,,,,,,
,,,,,4693,14.0,14,,,,,,
,,,,,4719,26.0,26,,,,,,
,,,,,4771,52.0,52,,,,,,
,,,,,4808,37.0,37,,,,,,
,,,,,4827,19.0,19,,,,,,
,,,,,4849,22.0,22,,,,,,
,,,,,4906,57.0,57,,,,,,
,,,,,4930,24.0,24,,,,,,
,,,,,4948,18.0,18,,,,,,
,,,,,4975,27.0,27,,,,,,
95.1,46.7535,182.0,49.0,95.1,5000,,,0.09873629361391068,3.886573553085327,3.919003963470459,0.3848215639591217,0.85,0.0005
,,,,,5010,35.0,35,,,,,,
,,,,,5026,16.0,16,,,,,,
,,,,,5064,38.0,38,,,,,,
,,,,,5078,14.0,14,,,,,,
,,,,,5120,42.0,42,,,,,,
,,,,,5143,23.0,23,,,,,,
,,,,,5204,61.0,61,,,,,,
,,,,,5220,16.0,16,,,,,,
,,,,,5236,16.0,16,,,,,,
,,,,,5274,38.0,38,,,,,,
,,,,,5286,12.0,12,,,,,,
,,,,,5340,54.0,54,,,,,,
,,,,,5351,11.0,11,,,,,,
,,,,,5362,11.0,11,,,,,,
,,,,,5375,13.0,13,,,,,,
,,,,,5415,40.0,40,,,,,,
,,,,,5441,26.0,26,,,,,,
,,,,,5451,10.0,10,,,,,,
,,,,,5494,43.0,43,,,,,,
,,,,,5569,75.0,75,,,,,,
,,,,,5587,18.0,18,,,,,,
,,,,,5606,19.0,19,,,,,,
,,,,,5618,12.0,12,,,,,,
,,,,,5660,42.0,42,,,,,,
,,,,,5706,46.0,46,,,,,,
,,,,,5738,32.0,32,,,,,,
,,,,,5763,25.0,25,,,,,,
,,,,,5787,24.0,24,,,,,,
,,,,,5841,54.0,54,,,,,,
,,,,,5859,18.0,18,,,,,,
,,,,,5877,18.0,18,,,,,,
,,,,,5951,74.0,74,,,,,,
,,,,,5999,48.0,48,,,,,,
,,,,,6000,,,0.1071782261133194,4.770779132843018,4.8087944984436035,0.5513595938682556,0.82,0.0005
,,,,,6020,21.0,21,,,,,,
,,,,,6072,52.0,52,,,,,,
,,,,,6086,14.0,14,,,,,,
,,,,,6118,32.0,32,,,,,,
,,,,,6194,76.0,76,,,,,,
,,,,,6215,21.0,21,,,,,,
,,,,,6229,14.0,14,,,,,,
,,,,,6248,19.0,19,,,,,,
,,,,,6311,63.0,63,,,,,,
,,,,,6328,17.0,17,,,,,,
,,,,,6353,25.0,25,,,,,,
,,,,,6371,18.0,18,,,,,,
,,,,,6393,22.0,22,,,,,,
,,,,,6416,23.0,23,,,,,,
,,,,,6433,17.0,17,,,,,,
,,,,,6465,32.0,32,,,,,,
,,,,,6489,24.0,24,,,,,,
,,,,,6507,18.0,18,,,,,,
,,,,,6523,16.0,16,,,,,,
,,,,,6538,15.0,15,,,,,,
,,,,,6590,52.0,52,,,,,,
,,,,,6627,37.0,37,,,,,,
,,,,,6659,32.0,32,,,,,,
,,,,,6682,23.0,23,,,,,,
,,,,,6699,17.0,17,,,,,,
,,,,,6746,47.0,47,,,,,,
,,,,,6784,38.0,38,,,,,,
,,,,,6820,36.0,36,,,,,,
,,,,,6846,26.0,26,,,,,,
,,,,,6886,40.0,40,,,,,,
,,,,,6916,30.0,30,,,,,,
,,,,,6937,21.0,21,,,,,,
,,,,,7000,,,0.03983954340219498,5.565667629241943,5.5564775466918945,0.1287766546010971,0.79,0.0005
,,,,,7004,67.0,67,,,,,,
,,,,,7024,20.0,20,,,,,,
,,,,,7115,91.0,91,,,,,,
,,,,,7133,18.0,18,,,,,,
,,,,,7199,66.0,66,,,,,,
,,,,,7222,23.0,23,,,,,,
,,,,,7255,33.0,33,,,,,,
,,,,,7288,33.0,33,,,,,,
,,,,,7392,104.0,104,,,,,,
,,,,,7412,20.0,20,,,,,,
,,,,,7436,24.0,24,,,,,,
,,,,,7468,32.0,32,,,,,,
,,,,,7496,28.0,28,,,,,,
201.7,40.462452,293.0,149.0,201.7,7500,,,0.02552652172744274,6.343380928039551,6.358098030090332,0.39141014218330383,0.775,0.0005
,,,,,7548,52.0,52,,,,,,
,,,,,7563,15.0,15,,,,,,
,,,,,7581,18.0,18,,,,,,
,,,,,7632,51.0,51,,,,,,
,,,,,7698,66.0,66,,,,,,
,,,,,7725,27.0,27,,,,,,
,,,,,7740,15.0,15,,,,,,
,,,,,7758,18.0,18,,,,,,
,,,,,7809,51.0,51,,,,,,
,,,,,7837,28.0,28,,,,,,
,,,,,7857,20.0,20,,,,,,
,,,,,7925,68.0,68,,,,,,
,,,,,8000,,,0.02350497432053089,6.452994346618652,6.465841293334961,0.5539258718490601,0.76,0.0005
,,,,,8010,85.0,85,,,,,,
,,,,,8028,18.0,18,,,,,,
,,,,,8079,51.0,51,,,,,,
,,,,,8088,9.0,9,,,,,,
,,,,,8158,70.0,70,,,,,,
,,,,,8175,17.0,17,,,,,,
,,,,,8189,14.0,14,,,,,,
,,,,,8253,64.0,64,,,,,,
,,,,,8266,13.0,13,,,,,,
,,,,,8297,31.0,31,,,,,,
,,,,,8357,60.0,60,,,,,,
,,,,,8381,24.0,24,,,,,,
,,,,,8484,103.0,103,,,,,,
,,,,,8505,21.0,21,,,,,,
,,,,,8595,90.0,90,,,,,,
,,,,,8665,70.0,70,,,,,,
,,,,,8752,87.0,87,,,,,,
,,,,,8790,38.0,38,,,,,,
,,,,,8829,39.0,39,,,,,,
,,,,,8841,12.0,12,,,,,,
,,,,,8856,15.0,15,,,,,,
,,,,,8874,18.0,18,,,,,,
,,,,,8926,52.0,52,,,,,,
,,,,,8957,31.0,31,,,,,,
,,,,,9000,,,0.012651159428060055,7.448826313018799,7.427153587341309,0.22107233107089996,0.73,0.0005
,,,,,9008,51.0,51,,,,,,
,,,,,9062,54.0,54,,,,,,
,,,,,9093,31.0,31,,,,,,
,,,,,9111,18.0,18,,,,,,
,,,,,9155,44.0,44,,,,,,
,,,,,9177,22.0,22,,,,,,
,,,,,9197,20.0,20,,,,,,
,,,,,9219,22.0,22,,,,,,
,,,,,9317,98.0,98,,,,,,
,,,,,9338,21.0,21,,,,,,
,,,,,9350,12.0,12,,,,,,
,,,,,9377,27.0,27,,,,,,
,,,,,9404,27.0,27,,,,,,
,,,,,9433,29.0,29,,,,,,
,,,,,9450,17.0,17,,,,,,
,,,,,9512,62.0,62,,,,,,
,,,,,9533,21.0,21,,,,,,
,,,,,9550,17.0,17,,,,,,
,,,,,9631,81.0,81,,,,,,
,,,,,9664,33.0,33,,,,,,
,,,,,9730,66.0,66,,,,,,
,,,,,9780,50.0,50,,,,,,
,,,,,9804,24.0,24,,,,,,
,,,,,9831,27.0,27,,,,,,
,,,,,9851,20.0,20,,,,,,
,,,,,9895,44.0,44,,,,,,
,,,,,9949,54.0,54,,,,,,
,,,,,9961,12.0,12,,,,,,
138.6,26.597744,201.0,106.0,138.6,10000,,,0.05099672079086304,7.928100109100342,7.940675258636475,0.6108264923095703,0.7,0.0005
,,,,,10006,45.0,45,,,,,,
,,,,,10027,21.0,21,,,,,,
,,,,,10043,16.0,16,,,,,,
,,,,,10077,34.0,34,,,,,,
,,,,,10096,19.0,19,,,,,,
,,,,,10180,84.0,84,,,,,,
,,,,,10282,102.0,102,,,,,,
,,,,,10327,45.0,45,,,,,,
,,,,,10362,35.0,35,,,,,,
,,,,,10421,59.0,59,,,,,,
,,,,,10542,121.0,121,,,,,,
,,,,,10606,64.0,64,,,,,,
,,,,,10629,23.0,23,,,,,,
,,,,,10664,35.0,35,,,,,,
,,,,,10676,12.0,12,,,,,,
,,,,,10716,40.0,40,,,,,,
,,,,,10782,66.0,66,,,,,,
,,,,,10859,77.0,77,,,,,,
,,,,,10895,36.0,36,,,,,,
,,,,,10967,72.0,72,,,,,,
,,,,,11000,,,0.12590305507183075,8.802897453308105,8.749454498291016,1.5723134279251099,0.67,0.0005
,,,,,11038,71.0,71,,,,,,
,,,,,11051,13.0,13,,,,,,
,,,,,11088,37.0,37,,,,,,
,,,,,11164,76.0,76,,,,,,
,,,,,11230,66.0,66,,,,,,
,,,,,11299,69.0,69,,,,,,
,,,,,11324,25.0,25,,,,,,
,,,,,11344,20.0,20,,,,,,
,,,,,11407,63.0,63,,,,,,
,,,,,11419,12.0,12,,,,,,
,,,,,11545,126.0,126,,,,,,
,,,,,11570,25.0,25,,,,,,
,,,,,11586,16.0,16,,,,,,
,,,,,11614,28.0,28,,,,,,
,,,,,11663,49.0,49,,,,,,
,,,,,11676,13.0,13,,,,,,
,,,,,11704,28.0,28,,,,,,
,,,,,11723,19.0,19,,,,,,
,,,,,11742,19.0,19,,,,,,
,,,,,11803,61.0,61,,,,,,
,,,,,11820,17.0,17,,,,,,
,,,,,11837,17.0,17,,,,,,
,,,,,11851,14.0,14,,,,,,
,,,,,11884,33.0,33,,,,,,
,,,,,11908,24.0,24,,,,,,
,,,,,11980,72.0,72,,,,,,
,,,,,12000,,,0.018278589472174644,10.093002319335938,10.089948654174805,0.20193545520305634,0.6399999999999999,0.0005
,,,,,12068,88.0,88,,,,,,
,,,,,12144,76.0,76,,,,,,
,,,,,12164,20.0,20,,,,,,
,,,,,12184,20.0,20,,,,,,
,,,,,12266,82.0,82,,,,,,
,,,,,12287,21.0,21,,,,,,
,,,,,12314,27.0,27,,,,,,
,,,,,12334,20.0,20,,,,,,
,,,,,12412,78.0,78,,,,,,
,,,,,12426,14.0,14,,,,,,
,,,,,12454,28.0,28,,,,,,
97.5,11.395175,119.0,82.0,97.5,12500,,,0.14183929562568665,10.237896919250488,10.2099027633667,0.9092970490455627,0.625,0.0005
,,,,,12532,78.0,78,,,,,,
,,,,,12548,16.0,16,,,,,,
,,,,,12616,68.0,68,,,,,,
,,,,,12643,27.0,27,,,,,,
,,,,,12695,52.0,52,,,,,,
,,,,,12746,51.0,51,,,,,,
,,,,,12758,12.0,12,,,,,,
,,,,,12798,40.0,40,,,,,,
,,,,,12856,58.0,58,,,,,,
,,,,,12972,116.0,116,,,,,,
,,,,,13000,,,0.11821231991052628,10.664891242980957,10.667022705078125,0.6165222525596619,0.61,0.0005
,,,,,13020,48.0,48,,,,,,
,,,,,13127,107.0,107,,,,,,
,,,,,13212,85.0,85,,,,,,
,,,,,13295,83.0,83,,,,,,
,,,,,13372,77.0,77,,,,,,
,,,,,13397,25.0,25,,,,,,
,,,,,13436,39.0,39,,,,,,
,,,,,13470,34.0,34,,,,,,
,,,,,13487,17.0,17,,,,,,
,,,,,13579,92.0,92,,,,,,
,,,,,13642,63.0,63,,,,,,
,,,,,13774,132.0,132,,,,,,
,,,,,13876,102.0,102,,,,,,
,,,,,13899,23.0,23,,,,,,
,,,,,13923,24.0,24,,,,,,
,,,,,14000,,,0.011216441169381142,11.637138366699219,11.627447128295898,0.2630493938922882,0.58,0.0005
,,,,,14009,86.0,86,,,,,,
,,,,,14057,48.0,48,,,,,,
,,,,,14077,20.0,20,,,,,,
,,,,,14128,51.0,51,,,,,,
,,,,,14241,113.0,113,,,,,,
,,,,,14281,40.0,40,,,,,,
,,,,,14302,21.0,21,,,,,,
,,,,,14327,25.0,25,,,,,,
,,,,,14384,57.0,57,,,,,,
,,,,,14528,144.0,144,,,,,,
,,,,,14644,116.0,116,,,,,,
,,,,,14665,21.0,21,,,,,,
,,,,,14755,90.0,90,,,,,,
,,,,,14768,13.0,13,,,,,,
,,,,,14790,22.0,22,,,,,,
,,,,,14812,22.0,22,,,,,,
,,,,,14920,108.0,108,,,,,,
,,,,,14941,21.0,21,,,,,,
,,,,,14992,51.0,51,,,,,,
121.1,5.2239833,127.0,110.0,121.1,15000,,,0.06524715572595596,12.24540901184082,12.227280616760254,0.4969225525856018,0.55,0.0005
,,,,,15069,77.0,77,,,,,,
,,,,,15175,106.0,106,,,,,,
,,,,,15277,102.0,102,,,,,,
,,,,,15345,68.0,68,,,,,,
,,,,,15364,19.0,19,,,,,,
,,,,,15467,103.0,103,,,,,,
,,,,,15491,24.0,24,,,,,,
,,,,,15535,44.0,44,,,,,,
,,,,,15558,23.0,23,,,,,,
,,,,,15572,14.0,14,,,,,,
,,,,,15591,19.0,19,,,,,,
,,,,,15617,26.0,26,,,,,,
,,,,,15690,73.0,73,,,,,,
,,,,,15716,26.0,26,,,,,,
,,,,,15819,103.0,103,,,,,,
,,,,,15853,34.0,34,,,,,,
,,,,,15883,30.0,30,,,,,,
,,,,,15999,116.0,116,,,,,,
,,,,,16000,,,0.7074861526489258,13.078130722045898,13.050564765930176,2.7755749225616455,0.52,0.0005
,,,,,16017,18.0,18,,,,,,
,,,,,16132,115.0,115,,,,,,
,,,,,16151,19.0,19,,,,,,
,,,,,16172,21.0,21,,,,,,
,,,,,16223,51.0,51,,,,,,
,,,,,16304,81.0,81,,,,,,
,,,,,16348,44.0,44,,,,,,
,,,,,16359,11.0,11,,,,,,
,,,,,16399,40.0,40,,,,,,
,,,,,16421,22.0,22,,,,,,
,,,,,16467,46.0,46,,,,,,
,,,,,16489,22.0,22,,,,,,
,,,,,16566,77.0,77,,,,,,
,,,,,16603,37.0,37,,,,,,
,,,,,16628,25.0,25,,,,,,
,,,,,16648,20.0,20,,,,,,
,,,,,16747,99.0,99,,,,,,
,,,,,16821,74.0,74,,,,,,
,,,,,16836,15.0,15,,,,,,
,,,,,16938,102.0,102,,,,,,
,,,,,16967,29.0,29,,,,,,
,,,,,16993,26.0,26,,,,,,
,,,,,17000,,,0.04474050551652908,14.347315788269043,14.322736740112305,1.351926326751709,0.49,0.0005
,,,,,17008,15.0,15,,,,,,
,,,,,17024,16.0,16,,,,,,
,,,,,17144,120.0,120,,,,,,
,,,,,17161,17.0,17,,,,,,
,,,,,17264,103.0,103,,,,,,
,,,,,17290,26.0,26,,,,,,
,,,,,17306,16.0,16,,,,,,
,,,,,17347,41.0,41,,,,,,
,,,,,17366,19.0,19,,,,,,
,,,,,17477,111.0,111,,,,,,
,,,,,17495,18.0,18,,,,,,
116.2,2.5612497,119.0,111.0,116.2,17500,,,0.04441913217306137,15.043800354003906,15.051081657409668,0.5212393403053284,0.475,0.0005
,,,,,17513,18.0,18,,,,,,
,,,,,17631,118.0,118,,,,,,
,,,,,17647,16.0,16,,,,,,
,,,,,17659,12.0,12,,,,,,
,,,,,17681,22.0,22,,,,,,
,,,,,17704,23.0,23,,,,,,
,,,,,17722,18.0,18,,,,,,
,,,,,17828,106.0,106,,,,,,
,,,,,17862,34.0,34,,,,,,
,,,,,17881,19.0,19,,,,,,
,,,,,17898,17.0,17,,,,,,
,,,,,17921,23.0,23,,,,,,
,,,,,17936,15.0,15,,,,,,
,,,,,17957,21.0,21,,,,,,
,,,,,17981,24.0,24,,,,,,
,,,,,18000,,,0.26416727900505066,15.263916015625,15.250253677368164,2.9824512004852295,0.45999999999999996,0.0005
,,,,,18005,24.0,24,,,,,,
,,,,,18085,80.0,80,,,,,,
,,,,,18195,110.0,110,,,,,,
,,,,,18299,104.0,104,,,,,,
,,,,,18391,92.0,92,,,,,,
,,,,,18402,11.0,11,,,,,,
,,,,,18415,13.0,13,,,,,,
,,,,,18453,38.0,38,,,,,,
,,,,,18462,9.0,9,,,,,,
,,,,,18475,13.0,13,,,,,,
,,,,,18570,95.0,95,,,,,,
,,,,,18590,20.0,20,,,,,,
,,,,,18637,47.0,47,,,,,,
,,,,,18655,18.0,18,,,,,,
,,,,,18670,15.0,15,,,,,,
,,,,,18690,20.0,20,,,,,,
,,,,,18791,101.0,101,,,,,,
,,,,,18852,61.0,61,,,,,,
,,,,,18929,77.0,77,,,,,,
,,,,,19000,,,0.15886184573173523,15.828646659851074,15.878364562988281,3.3609070777893066,0.43000000000000005,0.0005
,,,,,19024,95.0,95,,,,,,
,,,,,19118,94.0,94,,,,,,
,,,,,19145,27.0,27,,,,,,
,,,,,19167,22.0,22,,,,,,
,,,,,19182,15.0,15,,,,,,
,,,,,19207,25.0,25,,,,,,
,,,,,19222,15.0,15,,,,,,
,,,,,19239,17.0,17,,,,,,
,,,,,19255,16.0,16,,,,,,
,,,,,19281,26.0,26,,,,,,
,,,,,19301,20.0,20,,,,,,
,,,,,19316,15.0,15,,,,,,
,,,,,19333,17.0,17,,,,,,
,,,,,19349,16.0,16,,,,,,
,,,,,19365,16.0,16,,,,,,
,,,,,19463,98.0,98,,,,,,
,,,,,19485,22.0,22,,,,,,
,,,,,19588,103.0,103,,,,,,
,,,,,19599,11.0,11,,,,,,
,,,,,19694,95.0,95,,,,,,
,,,,,19709,15.0,15,,,,,,
,,,,,19740,31.0,31,,,,,,
,,,,,19751,11.0,11,,,,,,
,,,,,19856,105.0,105,,,,,,
,,,,,19869,13.0,13,,,,,,
,,,,,19895,26.0,26,,,,,,
,,,,,19954,59.0,59,,,,,,
102.9,2.6627052,106.0,96.0,102.9,20000,,,0.4100833237171173,16.570690155029297,16.564899444580078,1.7568403482437134,0.4,0.0005
,,,,,20046,92.0,92,,,,,,
,,,,,20062,16.0,16,,,,,,
,,,,,20115,53.0,53,,,,,,
,,,,,20172,57.0,57,,,,,,
,,,,,20201,29.0,29,,,,,,
,,,,,20221,20.0,20,,,,,,
,,,,,20323,102.0,102,,,,,,
,,,,,20380,57.0,57,,,,,,
,,,,,20402,22.0,22,,,,,,
,,,,,20415,13.0,13,,,,,,
,,,,,20449,34.0,34,,,,,,
,,,,,20556,107.0,107,,,,,,
,,,,,20667,111.0,111,,,,,,
,,,,,20684,17.0,17,,,,,,
,,,,,20705,21.0,21,,,,,,
,,,,,20804,99.0,99,,,,,,
,,,,,20854,50.0,50,,,,,,
,,,,,20951,97.0,97,,,,,,
,,,,,20969,18.0,18,,,,,,
,,,,,20982,13.0,13,,,,,,
,,,,,20999,17.0,17,,,,,,
,,,,,21000,,,0.053558047860860825,16.649436950683594,16.68497657775879,1.858486294746399,0.37,0.0005
,,,,,21096,97.0,97,,,,,,
,,,,,21128,32.0,32,,,,,,
,,,,,21142,14.0,14,,,,,,
,,,,,21159,17.0,17,,,,,,
,,,,,21198,39.0,39,,,,,,
,,,,,21231,33.0,33,,,,,,
,,,,,21261,30.0,30,,,,,,
,,,,,21358,97.0,97,,,,,,
,,,,,21375,17.0,17,,,,,,
,,,,,21407,32.0,32,,,,,,
,,,,,21463,56.0,56,,,,,,
,,,,,21566,103.0,103,,,,,,
,,,,,21580,14.0,14,,,,,,
,,,,,21593,13.0,13,,,,,,
,,,,,21636,43.0,43,,,,,,
,,,,,21648,12.0,12,,,,,,
,,,,,21745,97.0,97,,,,,,
,,,,,21846,101.0,101,,,,,,
,,,,,21948,102.0,102,,,,,,
,,,,,21966,18.0,18,,,,,,
,,,,,22000,,,0.14544904232025146,18.031326293945312,18.145492553710938,4.291529655456543,0.3400000000000001,0.0005
,,,,,22045,79.0,79,,,,,,
,,,,,22073,28.0,28,,,,,,
,,,,,22174,101.0,101,,,,,,
,,,,,22278,104.0,104,,,,,,
,,,,,22295,17.0,17,,,,,,
,,,,,22400,105.0,105,,,,,,
,,,,,22421,21.0,21,,,,,,
,,,,,22468,47.0,47,,,,,,
,,,,,22479,11.0,11,,,,,,
99.8,2.039608,103.0,97.0,99.8,22500,,,0.1286446750164032,18.95452308654785,18.94965362548828,4.501925468444824,0.32499999999999996,0.0005
,,,,,22579,100.0,100,,,,,,
,,,,,22686,107.0,107,,,,,,
,,,,,22699,13.0,13,,,,,,
,,,,,22719,20.0,20,,,,,,
,,,,,22830,111.0,111,,,,,,
,,,,,22858,28.0,28,,,,,,
,,,,,22905,47.0,47,,,,,,
,,,,,22928,23.0,23,,,,,,
,,,,,22939,11.0,11,,,,,,
,,,,,22966,27.0,27,,,,,,
,,,,,22995,29.0,29,,,,,,
,,,,,23000,,,1.4217122793197632,18.005855560302734,17.970123291015625,9.330377578735352,0.30999999999999994,0.0005
,,,,,23025,30.0,30,,,,,,
,,,,,23039,14.0,14,,,,,,
,,,,,23157,118.0,118,,,,,,
,,,,,23218,61.0,61,,,,,,
,,,,,23326,108.0,108,,,,,,
,,,,,23377,51.0,51,,,,,,
,,,,,23487,110.0,110,,,,,,
,,,,,23609,122.0,122,,,,,,
,,,,,23623,14.0,14,,,,,,
,,,,,23734,111.0,111,,,,,,
,,,,,23780,46.0,46,,,,,,
,,,,,23791,11.0,11,,,,,,
,,,,,23834,43.0,43,,,,,,
,,,,,23945,111.0,111,,,,,,
,,,,,23966,21.0,21,,,,,,
,,,,,24000,,,0.05463624373078346,19.551776885986328,19.61481285095215,1.6977453231811523,0.2799999999999999,0.0005
,,,,,24074,108.0,108,,,,,,
,,,,,24200,126.0,126,,,,,,
,,,,,24303,103.0,103,,,,,,
,,,,,24414,111.0,111,,,,,,
,,,,,24513,99.0,99,,,,,,
,,,,,24625,112.0,112,,,,,,
,,,,,24651,26.0,26,,,,,,
,,,,,24748,97.0,97,,,,,,
,,,,,24794,46.0,46,,,,,,
,,,,,24903,109.0,109,,,,,,
113.0,2.0,116.0,110.0,113.0,25000,,,0.1818002462387085,19.946636199951172,20.002227783203125,7.1130523681640625,0.25,0.0005
,,,,,25011,108.0,108,,,,,,
,,,,,25120,109.0,109,,,,,,
,,,,,25218,98.0,98,,,,,,
,,,,,25316,98.0,98,,,,,,
,,,,,25330,14.0,14,,,,,,
,,,,,25431,101.0,101,,,,,,
,,,,,25539,108.0,108,,,,,,
,,,,,25639,100.0,100,,,,,,
,,,,,25653,14.0,14,,,,,,
,,,,,25758,105.0,105,,,,,,
,,,,,25859,101.0,101,,,,,,
,,,,,25967,108.0,108,,,,,,
,,,,,26000,,,0.33228224515914917,19.804073333740234,19.848834991455078,10.13005256652832,0.21999999999999997,0.0005
,,,,,26065,98.0,98,,,,,,
,,,,,26164,99.0,99,,,,,,
,,,,,26265,101.0,101,,,,,,
,,,,,26367,102.0,102,,,,,,
,,,,,26478,111.0,111,,,,,,
,,,,,26534,56.0,56,,,,,,
,,,,,26613,79.0,79,,,,,,
,,,,,26724,111.0,111,,,,,,
,,,,,26773,49.0,49,,,,,,
,,,,,26874,101.0,101,,,,,,
,,,,,26980,106.0,106,,,,,,
,,,,,26997,17.0,17,,,,,,
,,,,,27000,,,0.6142820715904236,22.112455368041992,22.07674789428711,4.067476272583008,0.18999999999999995,0.0005
,,,,,27072,75.0,75,,,,,,
,,,,,27136,64.0,64,,,,,,
,,,,,27240,104.0,104,,,,,,
,,,,,27352,112.0,112,,,,,,
,,,,,27459,107.0,107,,,,,,
102.4,2.87054,108.0,97.0,102.4,27500,,,0.11535090208053589,21.069828033447266,21.17120361328125,3.6356351375579834,0.17500000000000004,0.0005
,,,,,27568,109.0,109,,,,,,
,,,,,27672,104.0,104,,,,,,
,,,,,27774,102.0,102,,,,,,
,,,,,27881,107.0,107,,,,,,
,,,,,27983,102.0,102,,,,,,
,,,,,28000,,,0.04196528345346451,23.599353790283203,23.56482696533203,1.167218565940857,0.15999999999999992,0.0005
,,,,,28044,61.0,61,,,,,,
,,,,,28055,11.0,11,,,,,,
,,,,,28166,111.0,111,,,,,,
,,,,,28183,17.0,17,,,,,,
,,,,,28291,108.0,108,,,,,,
,,,,,28397,106.0,106,,,,,,
,,,,,28504,107.0,107,,,,,,
,,,,,28606,102.0,102,,,,,,
,,,,,28716,110.0,110,,,,,,
,,,,,28818,102.0,102,,,,,,
,,,,,28922,104.0,104,,,,,,
,,,,,29000,,,0.45894965529441833,24.02706527709961,23.99102020263672,5.590349197387695,0.13,0.0005
,,,,,29031,109.0,109,,,,,,
,,,,,29144,113.0,113,,,,,,
,,,,,29251,107.0,107,,,,,,
,,,,,29360,109.0,109,,,,,,
,,,,,29468,108.0,108,,,,,,
,,,,,29570,102.0,102,,,,,,
,,,,,29679,109.0,109,,,,,,
,,,,,29789,110.0,110,,,,,,
,,,,,29893,104.0,104,,,,,,
104.6,2.6907248,110.0,100.0,104.6,30000,,,2.3067092895507812,23.857898712158203,23.668724060058594,31.965818405151367,0.1,0.0005
,,,,,30006,113.0,113,,,,,,
,,,,,30110,104.0,104,,,,,,
,,,,,30216,106.0,106,,,,,,
,,,,,30322,106.0,106,,,,,,
,,,,,30424,102.0,102,,,,,,
,,,,,30532,108.0,108,,,,,,
,,,,,30635,103.0,103,,,,,,
,,,,,30749,114.0,114,,,,,,
,,,,,30858,109.0,109,,,,,,
,,,,,30966,108.0,108,,,,,,
,,,,,31000,,,0.08704010397195816,24.769264221191406,24.75939178466797,2.2738757133483887,0.09733333333333334,0.0005
,,,,,31072,106.0,106,,,,,,
,,,,,31190,118.0,118,,,,,,
,,,,,31295,105.0,105,,,,,,
,,,,,31408,113.0,113,,,,,,
,,,,,31518,110.0,110,,,,,,
,,,,,31619,101.0,101,,,,,,
,,,,,31726,107.0,107,,,,,,
,,,,,31831,105.0,105,,,,,,
,,,,,31938,107.0,107,,,,,,
,,,,,32000,,,0.5559260249137878,25.32201385498047,25.44664764404297,15.363601684570312,0.09466666666666668,0.0005
,,,,,32048,110.0,110,,,,,,
,,,,,32153,105.0,105,,,,,,
,,,,,32260,107.0,107,,,,,,
,,,,,32377,117.0,117,,,,,,
,,,,,32481,104.0,104,,,,,,
102.3,2.9,108.0,98.0,102.3,32500,,,0.1562536060810089,25.92814064025879,25.932565689086914,4.8894267082214355,0.09333333333333334,0.0005
,,,,,32590,109.0,109,,,,,,
,,,,,32705,115.0,115,,,,,,
,,,,,32819,114.0,114,,,,,,
,,,,,32927,108.0,108,,,,,,
,,,,,33000,,,0.8942219614982605,25.782094955444336,25.802165985107422,12.67747688293457,0.092,0.0005
,,,,,33040,113.0,113,,,,,,
,,,,,33149,109.0,109,,,,,,
,,,,,33265,116.0,116,,,,,,
,,,,,33373,108.0,108,,,,,,
,,,,,33487,114.0,114,,,,,,
,,,,,33596,109.0,109,,,,,,
,,,,,33700,104.0,104,,,,,,
,,,,,33813,113.0,113,,,,,,
,,,,,33930,117.0,117,,,,,,
,,,,,34000,,,0.4042268395423889,26.361671447753906,26.240070343017578,6.733721733093262,0.08933333333333333,0.0005
,,,,,34039,109.0,109,,,,,,
,,,,,34147,108.0,108,,,,,,
,,,,,34263,116.0,116,,,,,,
,,,,,34373,110.0,110,,,,,,
,,,,,34480,107.0,107,,,,,,
,,,,,34608,128.0,128,,,,,,
,,,,,34719,111.0,111,,,,,,
,,,,,34826,107.0,107,,,,,,
,,,,,34932,106.0,106,,,,,,
281.4,96.8919,486.0,161.0,281.4,35000,,,0.20848622918128967,27.82310676574707,27.810781478881836,8.940704345703125,0.08666666666666667,0.0005
,,,,,35042,110.0,110,,,,,,
,,,,,35162,120.0,120,,,,,,
,,,,,35272,110.0,110,,,,,,
,,,,,35380,108.0,108,,,,,,
,,,,,35426,46.0,46,,,,,,
,,,,,35483,57.0,57,,,,,,
,,,,,35611,128.0,128,,,,,,
,,,,,35639,28.0,28,,,,,,
,,,,,35771,132.0,132,,,,,,
,,,,,35878,107.0,107,,,,,,
,,,,,36000,,,0.0788738876581192,27.777042388916016,27.736242294311523,3.300081968307495,0.084,0.0005
,,,,,36026,148.0,148,,,,,,
,,,,,36149,123.0,123,,,,,,
,,,,,36253,104.0,104,,,,,,
,,,,,36361,108.0,108,,,,,,
,,,,,36487,126.0,126,,,,,,
,,,,,36591,104.0,104,,,,,,
,,,,,36692,101.0,101,,,,,,
,,,,,36715,23.0,23,,,,,,
,,,,,36879,164.0,164,,,,,,
,,,,,37000,,,2.875988721847534,28.41853141784668,28.20598793029785,48.40899658203125,0.08133333333333334,0.0005
,,,,,37026,147.0,147,,,,,,
,,,,,37056,30.0,30,,,,,,
,,,,,37235,179.0,179,,,,,,
,,,,,37370,135.0,135,,,,,,
,,,,,37468,98.0,98,,,,,,
95.9,1.6401219,98.0,92.0,95.9,37500,,,1.5975290536880493,29.465158462524414,29.45256805419922,24.875993728637695,0.08,0.0005
,,,,,37603,135.0,135,,,,,,
,,,,,37745,142.0,142,,,,,,
,,,,,37862,117.0,117,,,,,,
,,,,,37964,102.0,102,,,,,,
,,,,,38000,,,0.100754514336586,29.683462142944336,29.683788299560547,4.35407829284668,0.07866666666666668,0.0005
,,,,,38061,97.0,97,,,,,,
,,,,,38190,129.0,129,,,,,,
,,,,,38220,30.0,30,,,,,,
,,,,,38323,103.0,103,,,,,,
,,,,,38439,116.0,116,,,,,,
,,,,,38609,170.0,170,,,,,,
,,,,,38721,112.0,112,,,,,,
,,,,,38850,129.0,129,,,,,,
,,,,,38995,145.0,145,,,,,,
,,,,,39000,,,2.808072090148926,30.432926177978516,30.356355667114258,24.69180679321289,0.07600000000000001,0.0005
,,,,,39103,108.0,108,,,,,,
,,,,,39202,99.0,99,,,,,,
,,,,,39325,123.0,123,,,,,,
,,,,,39542,217.0,217,,,,,,
,,,,,39640,98.0,98,,,,,,
,,,,,39774,134.0,134,,,,,,
,,,,,39803,29.0,29,,,,,,
,,,,,39914,111.0,111,,,,,,
144.1,11.631423,178.0,135.0,144.1,40000,,,0.13681916892528534,30.11536407470703,30.198753356933594,3.120969772338867,0.07333333333333333,0.0005
,,,,,40009,95.0,95,,,,,,
,,,,,40064,55.0,55,,,,,,
,,,,,40084,20.0,20,,,,,,
,,,,,40180,96.0,96,,,,,,
,,,,,40280,100.0,100,,,,,,
,,,,,40306,26.0,26,,,,,,
,,,,,40406,100.0,100,,,,,,
,,,,,40442,36.0,36,,,,,,
,,,,,40540,98.0,98,,,,,,
,,,,,40634,94.0,94,,,,,,
,,,,,40748,114.0,114,,,,,,
,,,,,40866,118.0,118,,,,,,
,,,,,40961,95.0,95,,,,,,
,,,,,41000,,,0.12065595388412476,31.417362213134766,31.401012420654297,3.316997766494751,0.07066666666666667,0.0005
,,,,,41083,122.0,122,,,,,,
,,,,,41201,118.0,118,,,,,,
,,,,,41299,98.0,98,,,,,,
,,,,,41410,111.0,111,,,,,,
,,,,,41539,129.0,129,,,,,,
,,,,,41654,115.0,115,,,,,,
,,,,,41777,123.0,123,,,,,,
,,,,,41876,99.0,99,,,,,,
,,,,,41998,122.0,122,,,,,,
,,,,,42000,,,0.12906275689601898,31.217973709106445,31.273012161254883,9.028471946716309,0.068,0.0005
,,,,,42095,97.0,97,,,,,,
,,,,,42196,101.0,101,,,,,,
,,,,,42292,96.0,96,,,,,,
,,,,,42399,107.0,107,,,,,,
119.4,2.2891045,123.0,116.0,119.4,42500,,,0.09889286011457443,32.20859146118164,32.16908645629883,4.0177693367004395,0.06666666666666668,0.0005
,,,,,42516,117.0,117,,,,,,
,,,,,42630,114.0,114,,,,,,
,,,,,42727,97.0,97,,,,,,
,,,,,42842,115.0,115,,,,,,
,,,,,42866,24.0,24,,,,,,
,,,,,42993,127.0,127,,,,,,
,,,,,43000,,,0.18027624487876892,30.134788513183594,30.192577362060547,8.092290878295898,0.06533333333333333,0.0005
,,,,,43102,109.0,109,,,,,,
,,,,,43203,101.0,101,,,,,,
,,,,,43301,98.0,98,,,,,,
,,,,,43358,57.0,57,,,,,,
,,,,,43481,123.0,123,,,,,,
,,,,,43580,99.0,99,,,,,,
,,,,,43702,122.0,122,,,,,,
,,,,,43839,137.0,137,,,,,,
,,,,,43937,98.0,98,,,,,,
,,,,,43968,31.0,31,,,,,,
,,,,,44000,,,0.05851620063185692,32.788673400878906,32.85146713256836,1.7323886156082153,0.06266666666666668,0.0005
,,,,,44064,96.0,96,,,,,,
,,,,,44166,102.0,102,,,,,,
,,,,,44261,95.0,95,,,,,,
,,,,,44361,100.0,100,,,,,,
,,,,,44486,125.0,125,,,,,,
,,,,,44603,117.0,117,,,,,,
,,,,,44752,149.0,149,,,,,,
,,,,,44860,108.0,108,,,,,,
,,,,,44874,14.0,14,,,,,,
,,,,,44997,123.0,123,,,,,,
101.6,7.045566,116.0,93.0,101.6,45000,,,0.07427510619163513,33.41640853881836,33.38701629638672,2.1576287746429443,0.060000000000000005,0.0005
,,,,,45095,98.0,98,,,,,,
,,,,,45195,100.0,100,,,,,,
,,,,,45292,97.0,97,,,,,,
,,,,,45408,116.0,116,,,,,,
,,,,,45509,101.0,101,,,,,,
,,,,,45611,102.0,102,,,,,,
,,,,,45722,111.0,111,,,,,,
,,,,,45841,119.0,119,,,,,,
,,,,,45945,104.0,104,,,,,,
,,,,,46000,,,0.16394852101802826,31.587223052978516,31.654420852661133,11.26887035369873,0.05733333333333334,0.0005
,,,,,46075,130.0,130,,,,,,
,,,,,46183,108.0,108,,,,,,
,,,,,46282,99.0,99,,,,,,
,,,,,46386,104.0,104,,,,,,
,,,,,46515,129.0,129,,,,,,
,,,,,46641,126.0,126,,,,,,
,,,,,46767,126.0,126,,,,,,
,,,,,46882,115.0,115,,,,,,
,,,,,47000,,,0.10054586827754974,35.41111373901367,35.424312591552734,2.4479358196258545,0.054666666666666676,0.0005
,,,,,47026,144.0,144,,,,,,
,,,,,47140,114.0,114,,,,,,
,,,,,47252,112.0,112,,,,,,
,,,,,47363,111.0,111,,,,,,
,,,,,47496,133.0,133,,,,,,
113.9,3.9102428,124.0,109.0,113.9,47500,,,0.1327301412820816,34.81081771850586,34.85847854614258,7.032951354980469,0.05333333333333334,0.0005
,,,,,47603,107.0,107,,,,,,
,,,,,47709,106.0,106,,,,,,
,,,,,47819,110.0,110,,,,,,
,,,,,47954,135.0,135,,,,,,
,,,,,48000,,,0.21476471424102783,34.6562614440918,34.61259078979492,3.4487452507019043,0.052000000000000005,0.0005
,,,,,48062,108.0,108,,,,,,
,,,,,48163,101.0,101,,,,,,
,,,,,48269,106.0,106,,,,,,
,,,,,48282,13.0,13,,,,,,
,,,,,48409,127.0,127,,,,,,
,,,,,48514,105.0,105,,,,,,
,,,,,48631,117.0,117,,,,,,
,,,,,48735,104.0,104,,,,,,
,,,,,48861,126.0,126,,,,,,
,,,,,48999,138.0,138,,,,,,
,,,,,49000,,,0.22153708338737488,34.681007385253906,34.7979736328125,17.61180305480957,0.04933333333333334,0.0005
,,,,,49129,130.0,130,,,,,,
,,,,,49304,175.0,175,,,,,,
,,,,,49453,149.0,149,,,,,,
,,,,,49621,168.0,168,,,,,,
,,,,,49750,129.0,129,,,,,,
,,,,,49903,153.0,153,,,,,,
111.9,5.9236813,121.0,103.0,111.9,50000,,,0.20094887912273407,34.790550231933594,34.87183380126953,9.982161521911621,0.046666666666666676,0.0005
,,,,,50066,163.0,163,,,,,,
,,,,,50197,131.0,131,,,,,,
,,,,,50352,155.0,155,,,,,,
,,,,,50516,164.0,164,,,,,,
,,,,,50660,144.0,144,,,,,,
,,,,,50782,122.0,122,,,,,,
,,,,,50908,126.0,126,,,,,,
,,,,,51000,,,0.1412777602672577,35.593017578125,35.5786247253418,2.0852646827697754,0.04400000000000001,0.0005
,,,,,51046,138.0,138,,,,,,
,,,,,51162,116.0,116,,,,,,
,,,,,51269,107.0,107,,,,,,
,,,,,51394,125.0,125,,,,,,
,,,,,51512,118.0,118,,,,,,
,,,,,51617,105.0,105,,,,,,
,,,,,51738,121.0,121,,,,,,
,,,,,51865,127.0,127,,,,,,
,,,,,52000,,,7.551075458526611,35.89934539794922,35.63363265991211,82.4750747680664,0.04133333333333334,0.0005
,,,,,52009,144.0,144,,,,,,
,,,,,52124,115.0,115,,,,,,
,,,,,52233,109.0,109,,,,,,
,,,,,52339,106.0,106,,,,,,
,,,,,52358,19.0,19,,,,,,
,,,,,52482,124.0,124,,,,,,
102.1,3.238827,106.0,96.0,102.1,52500,,,0.3572239279747009,34.886009216308594,34.9893684387207,20.863174438476562,0.04000000000000001,0.0005
,,,,,52592,110.0,110,,,,,,
,,,,,52707,115.0,115,,,,,,
,,,,,52848,141.0,141,,,,,,
,,,,,52952,104.0,104,,,,,,
,,,,,53000,,,0.3172895312309265,36.74347686767578,36.83826446533203,10.749292373657227,0.03866666666666667,0.0005
,,,,,53088,136.0,136,,,,,,
,,,,,53226,138.0,138,,,,,,
,,,,,53365,139.0,139,,,,,,
,,,,,53512,147.0,147,,,,,,
,,,,,53720,208.0,208,,,,,,
,,,,,53845,125.0,125,,,,,,
,,,,,53951,106.0,106,,,,,,
,,,,,54000,,,0.5786391496658325,37.63030242919922,37.600799560546875,11.794779777526855,0.036000000000000004,0.0005
,,,,,54125,174.0,174,,,,,,
,,,,,54262,137.0,137,,,,,,
,,,,,54413,151.0,151,,,,,,
,,,,,54549,136.0,136,,,,,,
,,,,,54672,123.0,123,,,,,,
,,,,,54793,121.0,121,,,,,,
,,,,,54921,128.0,128,,,,,,
124.4,10.0219755,138.0,111.0,124.4,55000,,,0.10796591639518738,37.024784088134766,36.9752197265625,5.425904750823975,0.03333333333333334,0.0005
,,,,,55043,122.0,122,,,,,,
,,,,,55152,109.0,109,,,,,,
,,,,,55249,97.0,97,,,,,,
,,,,,55376,127.0,127,,,,,,
,,,,,55495,119.0,119,,,,,,
,,,,,55619,124.0,124,,,,,,
,,,,,55822,203.0,203,,,,,,
,,,,,56000,,,0.5136966705322266,38.181617736816406,38.07659912109375,28.482328414916992,0.03066666666666666,0.0005
,,,,,56272,450.0,450,,,,,,
,,,,,56387,115.0,115,,,,,,
,,,,,56504,117.0,117,,,,,,
,,,,,56608,104.0,104,,,,,,
,,,,,56708,100.0,100,,,,,,
,,,,,56805,97.0,97,,,,,,
,,,,,56920,115.0,115,,,,,,
,,,,,57000,,,0.16280919313430786,37.4947395324707,37.51970291137695,4.038398265838623,0.027999999999999997,0.0005
,,,,,57017,97.0,97,,,,,,
,,,,,57118,101.0,101,,,,,,
,,,,,57242,124.0,124,,,,,,
,,,,,57371,129.0,129,,,,,,
,,,,,57475,104.0,104,,,,,,
99.2,1.6,102.0,97.0,99.2,57500,,,0.06340675055980682,39.24690246582031,39.22294998168945,1.3919744491577148,0.026666666666666672,0.0005
,,,,,57593,118.0,118,,,,,,
,,,,,57707,114.0,114,,,,,,
,,,,,57827,120.0,120,,,,,,
,,,,,57929,102.0,102,,,,,,
,,,,,58000,,,0.23904936015605927,38.269134521484375,38.25595474243164,4.768024921417236,0.025333333333333333,0.0005
,,,,,58033,104.0,104,,,,,,
,,,,,58136,103.0,103,,,,,,
,,,,,58238,102.0,102,,,,,,
,,,,,58336,98.0,98,,,,,,
,,,,,58473,137.0,137,,,,,,
,,,,,58576,103.0,103,,,,,,
,,,,,58678,102.0,102,,,,,,
,,,,,58802,124.0,124,,,,,,
,,,,,58904,102.0,102,,,,,,
,,,,,59000,,,0.05698570981621742,38.33647918701172,38.398033142089844,3.7028627395629883,0.02266666666666667,0.0005
,,,,,59003,99.0,99,,,,,,
,,,,,59102,99.0,99,,,,,,
,,,,,59199,97.0,97,,,,,,
,,,,,59298,99.0,99,,,,,,
,,,,,59401,103.0,103,,,,,,
,,,,,59506,105.0,105,,,,,,
,,,,,59608,102.0,102,,,,,,
,,,,,59708,100.0,100,,,,,,
,,,,,59810,102.0,102,,,,,,
,,,,,59930,120.0,120,,,,,,
140.5,17.00735,174.0,117.0,140.5,60000,,,0.08988123387098312,39.58985137939453,39.63870620727539,5.450375556945801,0.02,0.0005
,,,,,60032,102.0,102,,,,,,
,,,,,60145,113.0,113,,,,,,
,,,,,60269,124.0,124,,,,,,
,,,,,60370,101.0,101,,,,,,
,,,,,60470,100.0,100,,,,,,
,,,,,60589,119.0,119,,,,,,
,,,,,60690,101.0,101,,,,,,
,,,,,60794,104.0,104,,,,,,
,,,,,60911,117.0,117,,,,,,
,,,,,61000,,,0.21081027388572693,41.668697357177734,41.652503967285156,6.144350051879883,0.02,0.0005
,,,,,61010,99.0,99,,,,,,
,,,,,61110,100.0,100,,,,,,
,,,,,61207,97.0,97,,,,,,
,,,,,61309,102.0,102,,,,,,
,,,,,61406,97.0,97,,,,,,
,,,,,61503,97.0,97,,,,,,
,,,,,61601,98.0,98,,,,,,
,,,,,61702,101.0,101,,,,,,
,,,,,61812,110.0,110,,,,,,
,,,,,61907,95.0,95,,,,,,
,,,,,62000,,,0.0599440261721611,39.187843322753906,39.17133331298828,3.2076776027679443,0.02,0.0005
,,,,,62008,101.0,101,,,,,,
,,,,,62104,96.0,96,,,,,,
,,,,,62201,97.0,97,,,,,,
,,,,,62314,113.0,113,,,,,,
,,,,,62409,95.0,95,,,,,,
109.9,9.004998,122.0,99.0,109.9,62500,,,0.1439540535211563,41.119510650634766,41.08922576904297,16.423099517822266,0.02,0.0005
,,,,,62521,112.0,112,,,,,,
,,,,,62622,101.0,101,,,,,,
,,,,,62721,99.0,99,,,,,,
,,,,,62826,105.0,105,,,,,,
,,,,,62927,101.0,101,,,,,,
,,,,,63000,,,0.5710402131080627,42.807552337646484,42.938255310058594,25.536148071289062,0.02,0.0005
,,,,,63023,96.0,96,,,,,,
,,,,,63122,99.0,99,,,,,,
,,,,,63222,100.0,100,,,,,,
,,,,,63324,102.0,102,,,,,,
,,,,,63425,101.0,101,,,,,,
,,,,,63527,102.0,102,,,,,,
,,,,,63621,94.0,94,,,,,,
,,,,,63722,101.0,101,,,,,,
,,,,,63846,124.0,124,,,,,,
,,,,,63946,100.0,100,,,,,,
,,,,,64000,,,0.2524562478065491,40.87891387939453,40.76615905761719,6.538103103637695,0.02,0.0005
,,,,,64050,104.0,104,,,,,,
,,,,,64154,104.0,104,,,,,,
,,,,,64254,100.0,100,,,,,,
,,,,,64361,107.0,107,,,,,,
,,,,,64471,110.0,110,,,,,,
,,,,,64592,121.0,121,,,,,,
,,,,,64703,111.0,111,,,,,,
,,,,,64835,132.0,132,,,,,,
,,,,,64939,104.0,104,,,,,,
109.6,9.318798,123.0,98.0,109.6,65000,,,0.40404853224754333,39.91924285888672,39.880897521972656,9.414358139038086,0.02,0.0005
,,,,,65040,101.0,101,,,,,,
,,,,,65147,107.0,107,,,,,,
,,,,,65248,101.0,101,,,,,,
,,,,,65353,105.0,105,,,,,,
,,,,,65460,107.0,107,,,,,,
,,,,,65568,108.0,108,,,,,,
,,,,,65677,109.0,109,,,,,,
,,,,,65786,109.0,109,,,,,,
,,,,,65889,103.0,103,,,,,,
,,,,,65995,106.0,106,,,,,,
,,,,,66000,,,0.08027034252882004,42.166748046875,42.186134338378906,5.646376132965088,0.02,0.0005
,,,,,66102,107.0,107,,,,,,
,,,,,66212,110.0,110,,,,,,
,,,,,66230,18.0,18,,,,,,
,,,,,66331,101.0,101,,,,,,
,,,,,66445,114.0,114,,,,,,
,,,,,66545,100.0,100,,,,,,
,,,,,66650,105.0,105,,,,,,
,,,,,66767,117.0,117,,,,,,
,,,,,66867,100.0,100,,,,,,
,,,,,66970,103.0,103,,,,,,
,,,,,67000,,,0.6699312925338745,45.72487258911133,45.876373291015625,18.391647338867188,0.02,0.0005
,,,,,67081,111.0,111,,,,,,
,,,,,67187,106.0,106,,,,,,
,,,,,67294,107.0,107,,,,,,
,,,,,67400,106.0,106,,,,,,
106.9,3.014963,111.0,100.0,106.9,67500,,,0.10155914723873138,40.89131164550781,40.949302673339844,9.253440856933594,0.02,0.0005
,,,,,67507,107.0,107,,,,,,
,,,,,67612,105.0,105,,,,,,
,,,,,67731,119.0,119,,,,,,
,,,,,67776,45.0,45,,,,,,
,,,,,67791,15.0,15,,,,,,
,,,,,67911,120.0,120,,,,,,
,,,,,68000,,,0.08606763184070587,42.714385986328125,42.7297248840332,3.217651844024658,0.02,0.0005
,,,,,68020,109.0,109,,,,,,
,,,,,68122,102.0,102,,,,,,
,,,,,68227,105.0,105,,,,,,
,,,,,68331,104.0,104,,,,,,
,,,,,68440,109.0,109,,,,,,
,,,,,68554,114.0,114,,,,,,
,,,,,68663,109.0,109,,,,,,
,,,,,68774,111.0,111,,,,,,
,,,,,68876,102.0,102,,,,,,
,,,,,68993,117.0,117,,,,,,
,,,,,69000,,,0.15423601865768433,43.259788513183594,43.24129104614258,11.85404109954834,0.02,0.0005
,,,,,69094,101.0,101,,,,,,
,,,,,69202,108.0,108,,,,,,
,,,,,69305,103.0,103,,,,,,
,,,,,69408,103.0,103,,,,,,
,,,,,69515,107.0,107,,,,,,
,,,,,69622,107.0,107,,,,,,
,,,,,69726,104.0,104,,,,,,
,,,,,69839,113.0,113,,,,,,
,,,,,69938,99.0,99,,,,,,
104.5,1.8574176,108.0,101.0,104.5,70000,,,1.8509358167648315,43.54642868041992,43.46882247924805,56.8441162109375,0.02,0.0005
,,,,,70049,111.0,111,,,,,,
,,,,,70156,107.0,107,,,,,,
,,,,,70267,111.0,111,,,,,,
,,,,,70373,106.0,106,,,,,,
,,,,,70483,110.0,110,,,,,,
,,,,,70500,17.0,17,,,,,,
,,,,,70601,101.0,101,,,,,,
,,,,,70708,107.0,107,,,,,,
,,,,,70812,104.0,104,,,,,,
,,,,,70915,103.0,103,,,,,,
,,,,,71000,,,1.685565710067749,42.98269271850586,43.23823165893555,68.76350402832031,0.02,0.0005
,,,,,71026,111.0,111,,,,,,
,,,,,71131,105.0,105,,,,,,
,,,,,71232,101.0,101,,,,,,
,,,,,71342,110.0,110,,,,,,
,,,,,71446,104.0,104,,,,,,
,,,,,71550,104.0,104,,,,,,
,,,,,71654,104.0,104,,,,,,
,,,,,71761,107.0,107,,,,,,
,,,,,71863,102.0,102,,,,,,
,,,,,71970,107.0,107,,,,,,
,,,,,72000,,,0.17067138850688934,41.39591598510742,41.32283401489258,18.34727668762207,0.02,0.0005
,,,,,72078,108.0,108,,,,,,
,,,,,72184,106.0,106,,,,,,
,,,,,72288,104.0,104,,,,,,
,,,,,72389,101.0,101,,,,,,
105.5,2.8372521,112.0,101.0,105.5,72500,,,0.19703525304794312,40.788455963134766,40.792213439941406,13.48227596282959,0.02,0.0005
,,,,,72501,112.0,112,,,,,,
,,,,,72606,105.0,105,,,,,,
,,,,,72710,104.0,104,,,,,,
,,,,,72813,103.0,103,,,,,,
,,,,,72828,15.0,15,,,,,,
,,,,,72932,104.0,104,,,,,,
,,,,,73000,,,0.0927419662475586,44.921966552734375,44.896942138671875,6.692103385925293,0.02,0.0005
,,,,,73039,107.0,107,,,,,,
,,,,,73539,500.0,500,,,,,,
,,,,,73648,109.0,109,,,,,,
,,,,,73758,110.0,110,,,,,,
,,,,,73871,113.0,113,,,,,,
,,,,,74000,,,0.5157367587089539,44.2073974609375,44.264549255371094,22.467180252075195,0.02,0.0005
,,,,,74371,500.0,500,,,,,,
,,,,,74871,500.0,500,,,,,,
341.6,188.4623,500.0,108.0,341.6,75000,,,0.062233977019786835,45.19074249267578,45.15081787109375,3.626197338104248,0.02,0.0005
,,,,,75371,500.0,500,,,,,,
,,,,,75871,500.0,500,,,,,,
,,,,,75983,112.0,112,,,,,,
,,,,,76000,,,0.23841512203216553,46.20130157470703,46.05409240722656,17.614763259887695,0.02,0.0005
,,,,,76097,114.0,114,,,,,,
,,,,,76206,109.0,109,,,,,,
,,,,,76674,468.0,468,,,,,,
,,,,,76781,107.0,107,,,,,,
,,,,,77000,,,0.3361442983150482,46.26716995239258,46.411766052246094,15.580626487731934,0.02,0.0005
,,,,,77281,500.0,500,,,,,,
,,,,,77391,110.0,110,,,,,,
,,,,,77498,107.0,107,,,,,,
108.8,4.9355845,121.0,104.0,108.8,77500,,,0.10875353217124939,44.65726089477539,44.57982635498047,3.899505138397217,0.02,0.0005
,,,,,77606,108.0,108,,,,,,
,,,,,77717,111.0,111,,,,,,
,,,,,77823,106.0,106,,,,,,
,,,,,77928,105.0,105,,,,,,
,,,,,78000,,,0.1256033033132553,45.33032989501953,45.39162063598633,7.607357501983643,0.02,0.0005
,,,,,78046,118.0,118,,,,,,
,,,,,78160,114.0,114,,,,,,
,,,,,78274,114.0,114,,,,,,
,,,,,78388,114.0,114,,,,,,
,,,,,78498,110.0,110,,,,,,
,,,,,78612,114.0,114,,,,,,
,,,,,78724,112.0,112,,,,,,
,,,,,78845,121.0,121,,,,,,
,,,,,79000,,,0.17262311279773712,45.93443298339844,46.020015716552734,10.154533386230469,0.02,0.0005
,,,,,79181,336.0,336,,,,,,
,,,,,79681,500.0,500,,,,,,
243.0,99.72161,500.0,165.0,243.0,80000,,,0.21462148427963257,46.6665153503418,46.53634262084961,13.262395858764648,0.02,0.0005
,,,,,80181,500.0,500,,,,,,
,,,,,80346,165.0,165,,,,,,
,,,,,80818,472.0,472,,,,,,
,,,,,81000,,,5.024749755859375,48.39146041870117,48.132423400878906,103.0658950805664,0.02,0.0005
,,,,,81318,500.0,500,,,,,,
,,,,,81781,463.0,463,,,,,,
,,,,,82000,,,0.4421287775039673,45.99273681640625,46.03409957885742,17.193403244018555,0.02,0.0005
,,,,,82281,500.0,500,,,,,,
410.9,73.466255,500.0,337.0,410.9,82500,,,0.3173835575580597,47.520477294921875,47.45722961425781,18.16282844543457,0.02,0.0005
,,,,,82781,500.0,500,,,,,,
,,,,,83000,,,0.35533058643341064,45.231815338134766,45.24423599243164,8.711756706237793,0.02,0.0005
,,,,,83255,474.0,474,,,,,,
,,,,,83755,500.0,500,,,,,,
,,,,,84000,,,0.16955968737602234,48.28386688232422,48.35167694091797,19.96388816833496,0.02,0.0005
,,,,,84255,500.0,500,,,,,,
,,,,,84755,500.0,500,,,,,,
500.0,0.0,500.0,500.0,500.0,85000,,,0.236587256193161,47.5179557800293,47.61981201171875,8.426613807678223,0.02,0.0005
,,,,,85255,500.0,500,,,,,,
,,,,,85755,500.0,500,,,,,,
,,,,,86000,,,0.7665016651153564,46.31123733520508,46.304344177246094,41.24864959716797,0.02,0.0005
,,,,,86255,500.0,500,,,,,,
,,,,,86755,500.0,500,,,,,,
,,,,,87000,,,6.52351713180542,48.84972381591797,48.6275520324707,129.4810333251953,0.02,0.0005
,,,,,87255,500.0,500,,,,,,
480.9,33.58705,500.0,404.0,480.9,87500,,,0.6331169009208679,47.310001373291016,47.250553131103516,55.96601104736328,0.02,0.0005
,,,,,87685,430.0,430,,,,,,
,,,,,88000,,,0.22736598551273346,52.374881744384766,52.26788330078125,7.393877029418945,0.02,0.0005
,,,,,88185,500.0,500,,,,,,
,,,,,88685,500.0,500,,,,,,
,,,,,89000,,,0.3096485137939453,48.90857696533203,48.8066520690918,19.201196670532227,0.02,0.0005
,,,,,89169,484.0,484,,,,,,
,,,,,89355,186.0,186,,,,,,
,,,,,89855,500.0,500,,,,,,
500.0,0.0,500.0,500.0,500.0,90000,,,0.24794000387191772,49.52605438232422,49.49481201171875,15.432352066040039,0.02,0.0005
,,,,,90355,500.0,500,,,,,,
,,,,,90855,500.0,500,,,,,,
,,,,,91000,,,1.0279245376586914,50.5001335144043,50.56010437011719,50.19526290893555,0.02,0.0005
,,,,,91250,395.0,395,,,,,,
,,,,,91537,287.0,287,,,,,,
,,,,,92000,,,0.15277588367462158,51.57611083984375,51.47466278076172,5.310007572174072,0.02,0.0005
,,,,,92037,500.0,500,,,,,,
,,,,,92111,74.0,74,,,,,,
216.8,10.514751,237.0,202.0,216.8,92500,,,1.1973048448562622,49.80424118041992,49.88161849975586,33.50761413574219,0.02,0.0005
,,,,,92611,500.0,500,,,,,,
,,,,,93000,,,0.9068290591239929,51.313995361328125,51.43146514892578,19.195676803588867,0.02,0.0005
,,,,,93106,495.0,495,,,,,,
,,,,,93319,213.0,213,,,,,,
,,,,,93463,144.0,144,,,,,,
,,,,,93624,161.0,161,,,,,,
,,,,,94000,,,13.964881896972656,48.78934097290039,48.48866271972656,143.7041778564453,0.02,0.0005
,,,,,94079,455.0,455,,,,,,
,,,,,94181,102.0,102,,,,,,
,,,,,94328,147.0,147,,,,,,
,,,,,94556,228.0,228,,,,,,
,,,,,94735,179.0,179,,,,,,
,,,,,94929,194.0,194,,,,,,
120.9,9.57549,139.0,110.0,120.9,95000,,,0.9533750414848328,53.04112243652344,53.17411804199219,48.319664001464844,0.02,0.0005
,,,,,95090,161.0,161,,,,,,
,,,,,95359,269.0,269,,,,,,
,,,,,95497,138.0,138,,,,,,
,,,,,95594,97.0,97,,,,,,
,,,,,95796,202.0,202,,,,,,
,,,,,95977,181.0,181,,,,,,
,,,,,96000,,,0.20483176410198212,53.529335021972656,53.49583053588867,7.168506622314453,0.02,0.0005
,,,,,96212,235.0,235,,,,,,
,,,,,96590,378.0,378,,,,,,
,,,,,96697,107.0,107,,,,,,
,,,,,97000,,,0.17778894305229187,54.19630432128906,54.18157196044922,11.503275871276855,0.02,0.0005
,,,,,97197,500.0,500,,,,,,
,,,,,97389,192.0,192,,,,,,
500.0,0.0,500.0,500.0,500.0,97500,,,0.5120840668678284,53.868804931640625,53.90928649902344,29.282827377319336,0.02,0.0005
,,,,,97889,500.0,500,,,,,,
,,,,,98000,,,0.727262020111084,53.83701705932617,54.051021575927734,42.19953918457031,0.02,0.0005
,,,,,98133,244.0,244,,,,,,
,,,,,98288,155.0,155,,,,,,
,,,,,98434,146.0,146,,,,,,
,,,,,98689,255.0,255,,,,,,
,,,,,98805,116.0,116,,,,,,
,,,,,99000,,,3.2391810417175293,53.81057357788086,53.727783203125,70.85213470458984,0.02,0.0005
,,,,,99001,196.0,196,,,,,,
,,,,,99200,199.0,199,,,,,,
,,,,,99402,202.0,202,,,,,,
,,,,,99518,116.0,116,,,,,,
,,,,,99683,165.0,165,,,,,,
,,,,,99868,185.0,185,,,,,,
