Eval_AverageReturn,Eval_StdReturn,Eval_MaxReturn,Eval_MinReturn,Eval_AverageEpLen,step,Train_EpisodeReturn,Train_EpisodeLen,actor_loss,entropy,critic_loss,q_values,target_values,alpha,alpha_loss,actor_lr,critic_lr,temperature
7.4,4.2237425,16.0,3.0,7.4,0,,,,,,,,,,,,
,,,,,14,15.0,15,,,,,,,,,,
,,,,,20,6.0,6,,,,,,,,,,
,,,,,25,5.0,5,,,,,,,,,,
,,,,,31,6.0,6,,,,,,,,,,
,,,,,35,4.0,4,,,,,,,,,,
,,,,,40,5.0,5,,,,,,,,,,
,,,,,45,5.0,5,,,,,,,,,,
,,,,,55,10.0,10,,,,,,,,,,
,,,,,59,4.0,4,,,,,,,,,,
,,,,,69,10.0,10,,,,,,,,,,
,,,,,77,8.0,8,,,,,,,,,,
,,,,,81,4.0,4,,,,,,,,,,
,,,,,90,9.0,9,,,,,,,,,,
,,,,,101,11.0,11,,,,,,,,,,
,,,,,106,5.0,5,,,,,,,,,,
,,,,,113,7.0,7,,,,,,,,,,
,,,,,116,3.0,3,,,,,,,,,,
,,,,,121,5.0,5,,,,,,,,,,
,,,,,124,3.0,3,,,,,,,,,,
,,,,,130,6.0,6,,,,,,,,,,
,,,,,137,7.0,7,,,,,,,,,,
,,,,,143,6.0,6,,,,,,,,,,
,,,,,148,5.0,5,,,,,,,,,,
,,,,,161,13.0,13,,,,,,,,,,
,,,,,171,10.0,10,,,,,,,,,,
,,,,,177,6.0,6,,,,,,,,,,
,,,,,181,4.0,4,,,,,,,,,,
,,,,,184,3.0,3,,,,,,,,,,
,,,,,188,4.0,4,,,,,,,,,,
,,,,,191,3.0,3,,,,,,,,,,
,,,,,196,5.0,5,,,,,,,,,,
,,,,,200,4.0,4,,,,,,,,,,
,,,,,206,6.0,6,,,,,,,,,,
,,,,,211,5.0,5,,,,,,,,,,
,,,,,217,6.0,6,,,,,,,,,,
,,,,,223,6.0,6,,,,,,,,,,
,,,,,229,6.0,6,,,,,,,,,,
,,,,,232,3.0,3,,,,,,,,,,
,,,,,238,6.0,6,,,,,,,,,,
,,,,,246,8.0,8,,,,,,,,,,
,,,,,253,7.0,7,,,,,,,,,,
,,,,,257,4.0,4,,,,,,,,,,
,,,,,261,4.0,4,,,,,,,,,,
,,,,,265,4.0,4,,,,,,,,,,
,,,,,269,4.0,4,,,,,,,,,,
,,,,,279,10.0,10,,,,,,,,,,
,,,,,288,9.0,9,,,,,,,,,,
,,,,,291,3.0,3,,,,,,,,,,
,,,,,295,4.0,4,,,,,,,,,,
,,,,,308,13.0,13,,,,,,,,,,
,,,,,313,5.0,5,,,,,,,,,,
,,,,,317,4.0,4,,,,,,,,,,
,,,,,321,4.0,4,,,,,,,,,,
,,,,,325,4.0,4,,,,,,,,,,
,,,,,331,6.0,6,,,,,,,,,,
,,,,,334,3.0,3,,,,,,,,,,
,,,,,337,3.0,3,,,,,,,,,,
,,,,,340,3.0,3,,,,,,,,,,
,,,,,344,4.0,4,,,,,,,,,,
,,,,,352,8.0,8,,,,,,,,,,
,,,,,358,6.0,6,,,,,,,,,,
,,,,,361,3.0,3,,,,,,,,,,
,,,,,367,6.0,6,,,,,,,,,,
,,,,,375,8.0,8,,,,,,,,,,
,,,,,380,5.0,5,,,,,,,,,,
,,,,,390,10.0,10,,,,,,,,,,
,,,,,397,7.0,7,,,,,,,,,,
,,,,,400,3.0,3,,,,,,,,,,
,,,,,404,4.0,4,,,,,,,,,,
,,,,,411,7.0,7,,,,,,,,,,
,,,,,415,4.0,4,,,,,,,,,,
,,,,,425,10.0,10,,,,,,,,,,
,,,,,430,5.0,5,,,,,,,,,,
,,,,,433,3.0,3,,,,,,,,,,
,,,,,440,7.0,7,,,,,,,,,,
,,,,,443,3.0,3,,,,,,,,,,
,,,,,446,3.0,3,,,,,,,,,,
,,,,,457,11.0,11,,,,,,,,,,
,,,,,461,4.0,4,,,,,,,,,,
,,,,,471,10.0,10,,,,,,,,,,
,,,,,478,7.0,7,,,,,,,,,,
,,,,,485,7.0,7,,,,,,,,,,
,,,,,488,3.0,3,,,,,,,,,,
,,,,,499,11.0,11,,,,,,,,,,
,,,,,502,3.0,3,,,,,,,,,,
,,,,,507,5.0,5,,,,,,,,,,
,,,,,514,7.0,7,,,,,,,,,,
,,,,,518,4.0,4,,,,,,,,,,
,,,,,524,6.0,6,,,,,,,,,,
,,,,,530,6.0,6,,,,,,,,,,
,,,,,536,6.0,6,,,,,,,,,,
,,,,,540,4.0,4,,,,,,,,,,
,,,,,543,3.0,3,,,,,,,,,,
,,,,,546,3.0,3,,,,,,,,,,
,,,,,553,7.0,7,,,,,,,,,,
,,,,,557,4.0,4,,,,,,,,,,
,,,,,560,3.0,3,,,,,,,,,,
,,,,,565,5.0,5,,,,,,,,,,
,,,,,569,4.0,4,,,,,,,,,,
,,,,,576,7.0,7,,,,,,,,,,
,,,,,579,3.0,3,,,,,,,,,,
,,,,,585,6.0,6,,,,,,,,,,
,,,,,589,4.0,4,,,,,,,,,,
,,,,,599,10.0,10,,,,,,,,,,
,,,,,603,4.0,4,,,,,,,,,,
,,,,,610,7.0,7,,,,,,,,,,
,,,,,613,3.0,3,,,,,,,,,,
,,,,,617,4.0,4,,,,,,,,,,
,,,,,623,6.0,6,,,,,,,,,,
,,,,,634,11.0,11,,,,,,,,,,
,,,,,640,6.0,6,,,,,,,,,,
,,,,,644,4.0,4,,,,,,,,,,
,,,,,651,7.0,7,,,,,,,,,,
,,,,,654,3.0,3,,,,,,,,,,
,,,,,661,7.0,7,,,,,,,,,,
,,,,,665,4.0,4,,,,,,,,,,
,,,,,671,6.0,6,,,,,,,,,,
,,,,,676,5.0,5,,,,,,,,,,
,,,,,684,8.0,8,,,,,,,,,,
,,,,,692,8.0,8,,,,,,,,,,
,,,,,700,8.0,8,,,,,,,,,,
,,,,,703,3.0,3,,,,,,,,,,
,,,,,707,4.0,4,,,,,,,,,,
,,,,,711,4.0,4,,,,,,,,,,
,,,,,715,4.0,4,,,,,,,,,,
,,,,,718,3.0,3,,,,,,,,,,
,,,,,725,7.0,7,,,,,,,,,,
,,,,,730,5.0,5,,,,,,,,,,
,,,,,746,16.0,16,,,,,,,,,,
,,,,,749,3.0,3,,,,,,,,,,
,,,,,756,7.0,7,,,,,,,,,,
,,,,,767,11.0,11,,,,,,,,,,
,,,,,770,3.0,3,,,,,,,,,,
,,,,,773,3.0,3,,,,,,,,,,
,,,,,786,13.0,13,,,,,,,,,,
,,,,,789,3.0,3,,,,,,,,,,
,,,,,793,4.0,4,,,,,,,,,,
,,,,,803,10.0,10,,,,,,,,,,
,,,,,807,4.0,4,,,,,,,,,,
,,,,,811,4.0,4,,,,,,,,,,
,,,,,818,7.0,7,,,,,,,,,,
,,,,,821,3.0,3,,,,,,,,,,
,,,,,824,3.0,3,,,,,,,,,,
,,,,,832,8.0,8,,,,,,,,,,
,,,,,837,5.0,5,,,,,,,,,,
,,,,,840,3.0,3,,,,,,,,,,
,,,,,847,7.0,7,,,,,,,,,,
,,,,,855,8.0,8,,,,,,,,,,
,,,,,864,9.0,9,,,,,,,,,,
,,,,,869,5.0,5,,,,,,,,,,
,,,,,877,8.0,8,,,,,,,,,,
,,,,,886,9.0,9,,,,,,,,,,
,,,,,890,4.0,4,,,,,,,,,,
,,,,,894,4.0,4,,,,,,,,,,
,,,,,898,4.0,4,,,,,,,,,,
,,,,,902,4.0,4,,,,,,,,,,
,,,,,905,3.0,3,,,,,,,,,,
,,,,,914,9.0,9,,,,,,,,,,
,,,,,917,3.0,3,,,,,,,,,,
,,,,,925,8.0,8,,,,,,,,,,
,,,,,931,6.0,6,,,,,,,,,,
,,,,,935,4.0,4,,,,,,,,,,
,,,,,938,3.0,3,,,,,,,,,,
,,,,,943,5.0,5,,,,,,,,,,
,,,,,946,3.0,3,,,,,,,,,,
,,,,,954,8.0,8,,,,,,,,,,
,,,,,963,9.0,9,,,,,,,,,,
,,,,,970,7.0,7,,,,,,,,,,
,,,,,973,3.0,3,,,,,,,,,,
,,,,,977,4.0,4,,,,,,,,,,
,,,,,981,4.0,4,,,,,,,,,,
,,,,,985,4.0,4,,,,,,,,,,
,,,,,991,6.0,6,,,,,,,,,,
,,,,,995,4.0,4,,,,,,,,,,
,,,,,1000,5.0,5,,,,,,,,,,
,,,,,1003,3.0,3,,,,,,,,,,
,,,,,1007,4.0,4,,,,,,,,,,
,,,,,1018,11.0,11,,,,,,,,,,
,,,,,1024,6.0,6,,,,,,,,,,
,,,,,1030,6.0,6,,,,,,,,,,
,,,,,1038,8.0,8,,,,,,,,,,
,,,,,1043,5.0,5,,,,,,,,,,
,,,,,1055,12.0,12,,,,,,,,,,
,,,,,1069,14.0,14,,,,,,,,,,
,,,,,1073,4.0,4,,,,,,,,,,
,,,,,1079,6.0,6,,,,,,,,,,
,,,,,1082,3.0,3,,,,,,,,,,
,,,,,1086,4.0,4,,,,,,,,,,
,,,,,1102,16.0,16,,,,,,,,,,
,,,,,1107,5.0,5,,,,,,,,,,
,,,,,1110,3.0,3,,,,,,,,,,
,,,,,1117,7.0,7,,,,,,,,,,
,,,,,1124,7.0,7,,,,,,,,,,
,,,,,1128,4.0,4,,,,,,,,,,
,,,,,1132,4.0,4,,,,,,,,,,
,,,,,1143,11.0,11,,,,,,,,,,
,,,,,1146,3.0,3,,,,,,,,,,
,,,,,1149,3.0,3,,,,,,,,,,
,,,,,1152,3.0,3,,,,,,,,,,
,,,,,1159,7.0,7,,,,,,,,,,
,,,,,1162,3.0,3,,,,,,,,,,
,,,,,1165,3.0,3,,,,,,,,,,
,,,,,1169,4.0,4,,,,,,,,,,
,,,,,1174,5.0,5,,,,,,,,,,
,,,,,1177,3.0,3,,,,,,,,,,
,,,,,1180,3.0,3,,,,,,,,,,
,,,,,1184,4.0,4,,,,,,,,,,
,,,,,1193,9.0,9,,,,,,,,,,
,,,,,1202,9.0,9,,,,,,,,,,
,,,,,1212,10.0,10,,,,,,,,,,
,,,,,1223,11.0,11,,,,,,,,,,
,,,,,1237,14.0,14,,,,,,,,,,
,,,,,1254,17.0,17,,,,,,,,,,
,,,,,1259,5.0,5,,,,,,,,,,
,,,,,1265,6.0,6,,,,,,,,,,
,,,,,1268,3.0,3,,,,,,,,,,
,,,,,1273,5.0,5,,,,,,,,,,
,,,,,1285,12.0,12,,,,,,,,,,
,,,,,1289,4.0,4,,,,,,,,,,
,,,,,1294,5.0,5,,,,,,,,,,
,,,,,1299,5.0,5,,,,,,,,,,
,,,,,1303,4.0,4,,,,,,,,,,
,,,,,1310,7.0,7,,,,,,,,,,
,,,,,1314,4.0,4,,,,,,,,,,
,,,,,1322,8.0,8,,,,,,,,,,
,,,,,1333,11.0,11,,,,,,,,,,
,,,,,1347,14.0,14,,,,,,,,,,
,,,,,1350,3.0,3,,,,,,,,,,
,,,,,1355,5.0,5,,,,,,,,,,
,,,,,1359,4.0,4,,,,,,,,,,
,,,,,1362,3.0,3,,,,,,,,,,
,,,,,1366,4.0,4,,,,,,,,,,
,,,,,1371,5.0,5,,,,,,,,,,
,,,,,1380,9.0,9,,,,,,,,,,
,,,,,1398,18.0,18,,,,,,,,,,
,,,,,1411,13.0,13,,,,,,,,,,
,,,,,1418,7.0,7,,,,,,,,,,
,,,,,1427,9.0,9,,,,,,,,,,
,,,,,1434,7.0,7,,,,,,,,,,
,,,,,1438,4.0,4,,,,,,,,,,
,,,,,1445,7.0,7,,,,,,,,,,
,,,,,1450,5.0,5,,,,,,,,,,
,,,,,1454,4.0,4,,,,,,,,,,
,,,,,1460,6.0,6,,,,,,,,,,
,,,,,1463,3.0,3,,,,,,,,,,
,,,,,1466,3.0,3,,,,,,,,,,
,,,,,1474,8.0,8,,,,,,,,,,
,,,,,1477,3.0,3,,,,,,,,,,
,,,,,1482,5.0,5,,,,,,,,,,
,,,,,1497,15.0,15,,,,,,,,,,
,,,,,1502,5.0,5,,,,,,,,,,
,,,,,1509,7.0,7,,,,,,,,,,
,,,,,1520,11.0,11,,,,,,,,,,
,,,,,1535,15.0,15,,,,,,,,,,
,,,,,1542,7.0,7,,,,,,,,,,
,,,,,1547,5.0,5,,,,,,,,,,
,,,,,1554,7.0,7,,,,,,,,,,
,,,,,1566,12.0,12,,,,,,,,,,
,,,,,1570,4.0,4,,,,,,,,,,
,,,,,1576,6.0,6,,,,,,,,,,
,,,,,1583,7.0,7,,,,,,,,,,
,,,,,1590,7.0,7,,,,,,,,,,
,,,,,1595,5.0,5,,,,,,,,,,
,,,,,1599,4.0,4,,,,,,,,,,
,,,,,1602,3.0,3,,,,,,,,,,
,,,,,1608,6.0,6,,,,,,,,,,
,,,,,1613,5.0,5,,,,,,,,,,
,,,,,1617,4.0,4,,,,,,,,,,
,,,,,1631,14.0,14,,,,,,,,,,
,,,,,1647,16.0,16,,,,,,,,,,
,,,,,1652,5.0,5,,,,,,,,,,
,,,,,1657,5.0,5,,,,,,,,,,
,,,,,1662,5.0,5,,,,,,,,,,
,,,,,1667,5.0,5,,,,,,,,,,
,,,,,1678,11.0,11,,,,,,,,,,
,,,,,1684,6.0,6,,,,,,,,,,
,,,,,1693,9.0,9,,,,,,,,,,
,,,,,1697,4.0,4,,,,,,,,,,
,,,,,1702,5.0,5,,,,,,,,,,
,,,,,1711,9.0,9,,,,,,,,,,
,,,,,1716,5.0,5,,,,,,,,,,
,,,,,1724,8.0,8,,,,,,,,,,
,,,,,1736,12.0,12,,,,,,,,,,
,,,,,1752,16.0,16,,,,,,,,,,
,,,,,1756,4.0,4,,,,,,,,,,
,,,,,1760,4.0,4,,,,,,,,,,
,,,,,1765,5.0,5,,,,,,,,,,
,,,,,1768,3.0,3,,,,,,,,,,
,,,,,1773,5.0,5,,,,,,,,,,
,,,,,1794,21.0,21,,,,,,,,,,
,,,,,1797,3.0,3,,,,,,,,,,
,,,,,1801,4.0,4,,,,,,,,,,
,,,,,1805,4.0,4,,,,,,,,,,
,,,,,1812,7.0,7,,,,,,,,,,
,,,,,1817,5.0,5,,,,,,,,,,
,,,,,1820,3.0,3,,,,,,,,,,
,,,,,1827,7.0,7,,,,,,,,,,
,,,,,1832,5.0,5,,,,,,,,,,
,,,,,1841,9.0,9,,,,,,,,,,
,,,,,1852,11.0,11,,,,,,,,,,
,,,,,1855,3.0,3,,,,,,,,,,
,,,,,1861,6.0,6,,,,,,,,,,
,,,,,1869,8.0,8,,,,,,,,,,
,,,,,1885,16.0,16,,,,,,,,,,
,,,,,1890,5.0,5,,,,,,,,,,
,,,,,1894,4.0,4,,,,,,,,,,
,,,,,1898,4.0,4,,,,,,,,,,
,,,,,1901,3.0,3,,,,,,,,,,
,,,,,1904,3.0,3,,,,,,,,,,
,,,,,1908,4.0,4,,,,,,,,,,
,,,,,1918,10.0,10,,,,,,,,,,
,,,,,1926,8.0,8,,,,,,,,,,
,,,,,1931,5.0,5,,,,,,,,,,
,,,,,1934,3.0,3,,,,,,,,,,
,,,,,1941,7.0,7,,,,,,,,,,
,,,,,1951,10.0,10,,,,,,,,,,
,,,,,1956,5.0,5,,,,,,,,,,
,,,,,1967,11.0,11,,,,,,,,,,
,,,,,1989,22.0,22,,,,,,,,,,
,,,,,1998,9.0,9,,,,,,,,,,
,,,,,2006,8.0,8,,,,,,,,,,
,,,,,2013,7.0,7,,,,,,,,,,
,,,,,2020,7.0,7,,,,,,,,,,
,,,,,2029,9.0,9,,,,,,,,,,
,,,,,2034,5.0,5,,,,,,,,,,
,,,,,2048,14.0,14,,,,,,,,,,
,,,,,2053,5.0,5,,,,,,,,,,
,,,,,2059,6.0,6,,,,,,,,,,
,,,,,2068,9.0,9,,,,,,,,,,
,,,,,2073,5.0,5,,,,,,,,,,
,,,,,2087,14.0,14,,,,,,,,,,
,,,,,2094,7.0,7,,,,,,,,,,
,,,,,2102,8.0,8,,,,,,,,,,
,,,,,2108,6.0,6,,,,,,,,,,
,,,,,2114,6.0,6,,,,,,,,,,
,,,,,2123,9.0,9,,,,,,,,,,
,,,,,2130,7.0,7,,,,,,,,,,
,,,,,2147,17.0,17,,,,,,,,,,
,,,,,2151,4.0,4,,,,,,,,,,
,,,,,2155,4.0,4,,,,,,,,,,
,,,,,2167,12.0,12,,,,,,,,,,
,,,,,2175,8.0,8,,,,,,,,,,
,,,,,2178,3.0,3,,,,,,,,,,
,,,,,2187,9.0,9,,,,,,,,,,
,,,,,2196,9.0,9,,,,,,,,,,
,,,,,2204,8.0,8,,,,,,,,,,
,,,,,2216,12.0,12,,,,,,,,,,
,,,,,2225,9.0,9,,,,,,,,,,
,,,,,2228,3.0,3,,,,,,,,,,
,,,,,2231,3.0,3,,,,,,,,,,
,,,,,2236,5.0,5,,,,,,,,,,
,,,,,2243,7.0,7,,,,,,,,,,
,,,,,2247,4.0,4,,,,,,,,,,
,,,,,2252,5.0,5,,,,,,,,,,
,,,,,2269,17.0,17,,,,,,,,,,
,,,,,2280,11.0,11,,,,,,,,,,
,,,,,2283,3.0,3,,,,,,,,,,
,,,,,2288,5.0,5,,,,,,,,,,
,,,,,2301,13.0,13,,,,,,,,,,
,,,,,2306,5.0,5,,,,,,,,,,
,,,,,2316,10.0,10,,,,,,,,,,
,,,,,2324,8.0,8,,,,,,,,,,
,,,,,2335,11.0,11,,,,,,,,,,
,,,,,2346,11.0,11,,,,,,,,,,
,,,,,2352,6.0,6,,,,,,,,,,
,,,,,2357,5.0,5,,,,,,,,,,
,,,,,2361,4.0,4,,,,,,,,,,
,,,,,2373,12.0,12,,,,,,,,,,
,,,,,2383,10.0,10,,,,,,,,,,
,,,,,2394,11.0,11,,,,,,,,,,
,,,,,2403,9.0,9,,,,,,,,,,
,,,,,2410,7.0,7,,,,,,,,,,
,,,,,2419,9.0,9,,,,,,,,,,
,,,,,2422,3.0,3,,,,,,,,,,
,,,,,2426,4.0,4,,,,,,,,,,
,,,,,2430,4.0,4,,,,,,,,,,
,,,,,2437,7.0,7,,,,,,,,,,
,,,,,2449,12.0,12,,,,,,,,,,
,,,,,2454,5.0,5,,,,,,,,,,
,,,,,2459,5.0,5,,,,,,,,,,
,,,,,2463,4.0,4,,,,,,,,,,
,,,,,2469,6.0,6,,,,,,,,,,
,,,,,2472,3.0,3,,,,,,,,,,
,,,,,2476,4.0,4,,,,,,,,,,
,,,,,2481,5.0,5,,,,,,,,,,
,,,,,2484,3.0,3,,,,,,,,,,
,,,,,2500,16.0,16,,,,,,,,,,
,,,,,2505,5.0,5,,,,,,,,,,
,,,,,2516,11.0,11,,,,,,,,,,
,,,,,2524,8.0,8,,,,,,,,,,
,,,,,2531,7.0,7,,,,,,,,,,
,,,,,2541,10.0,10,,,,,,,,,,
,,,,,2544,3.0,3,,,,,,,,,,
,,,,,2557,13.0,13,,,,,,,,,,
,,,,,2569,12.0,12,,,,,,,,,,
,,,,,2576,7.0,7,,,,,,,,,,
,,,,,2580,4.0,4,,,,,,,,,,
,,,,,2587,7.0,7,,,,,,,,,,
,,,,,2590,3.0,3,,,,,,,,,,
,,,,,2608,18.0,18,,,,,,,,,,
,,,,,2613,5.0,5,,,,,,,,,,
,,,,,2637,24.0,24,,,,,,,,,,
,,,,,2653,16.0,16,,,,,,,,,,
,,,,,2658,5.0,5,,,,,,,,,,
,,,,,2661,3.0,3,,,,,,,,,,
,,,,,2664,3.0,3,,,,,,,,,,
,,,,,2668,4.0,4,,,,,,,,,,
,,,,,2676,8.0,8,,,,,,,,,,
,,,,,2680,4.0,4,,,,,,,,,,
,,,,,2688,8.0,8,,,,,,,,,,
,,,,,2696,8.0,8,,,,,,,,,,
,,,,,2701,5.0,5,,,,,,,,,,
,,,,,2705,4.0,4,,,,,,,,,,
,,,,,2709,4.0,4,,,,,,,,,,
,,,,,2719,10.0,10,,,,,,,,,,
,,,,,2726,7.0,7,,,,,,,,,,
,,,,,2735,9.0,9,,,,,,,,,,
,,,,,2743,8.0,8,,,,,,,,,,
,,,,,2760,17.0,17,,,,,,,,,,
,,,,,2769,9.0,9,,,,,,,,,,
,,,,,2775,6.0,6,,,,,,,,,,
,,,,,2779,4.0,4,,,,,,,,,,
,,,,,2786,7.0,7,,,,,,,,,,
,,,,,2790,4.0,4,,,,,,,,,,
,,,,,2796,6.0,6,,,,,,,,,,
,,,,,2801,5.0,5,,,,,,,,,,
,,,,,2820,19.0,19,,,,,,,,,,
,,,,,2829,9.0,9,,,,,,,,,,
,,,,,2835,6.0,6,,,,,,,,,,
,,,,,2839,4.0,4,,,,,,,,,,
,,,,,2846,7.0,7,,,,,,,,,,
,,,,,2860,14.0,14,,,,,,,,,,
,,,,,2872,12.0,12,,,,,,,,,,
,,,,,2879,7.0,7,,,,,,,,,,
,,,,,2889,10.0,10,,,,,,,,,,
,,,,,2904,15.0,15,,,,,,,,,,
,,,,,2919,15.0,15,,,,,,,,,,
,,,,,2922,3.0,3,,,,,,,,,,
,,,,,2925,3.0,3,,,,,,,,,,
,,,,,2930,5.0,5,,,,,,,,,,
,,,,,2936,6.0,6,,,,,,,,,,
,,,,,2945,9.0,9,,,,,,,,,,
,,,,,2949,4.0,4,,,,,,,,,,
,,,,,2952,3.0,3,,,,,,,,,,
,,,,,2959,7.0,7,,,,,,,,,,
,,,,,2966,7.0,7,,,,,,,,,,
,,,,,2969,3.0,3,,,,,,,,,,
,,,,,2973,4.0,4,,,,,,,,,,
,,,,,2986,13.0,13,,,,,,,,,,
,,,,,2990,4.0,4,,,,,,,,,,
,,,,,2995,5.0,5,,,,,,,,,,
,,,,,3002,7.0,7,,,,,,,,,,
,,,,,3009,7.0,7,,,,,,,,,,
,,,,,3012,3.0,3,,,,,,,,,,
,,,,,3016,4.0,4,,,,,,,,,,
,,,,,3030,14.0,14,,,,,,,,,,
,,,,,3034,4.0,4,,,,,,,,,,
,,,,,3041,7.0,7,,,,,,,,,,
,,,,,3047,6.0,6,,,,,,,,,,
,,,,,3052,5.0,5,,,,,,,,,,
,,,,,3059,7.0,7,,,,,,,,,,
,,,,,3067,8.0,8,,,,,,,,,,
,,,,,3073,6.0,6,,,,,,,,,,
,,,,,3077,4.0,4,,,,,,,,,,
,,,,,3081,4.0,4,,,,,,,,,,
,,,,,3086,5.0,5,,,,,,,,,,
,,,,,3090,4.0,4,,,,,,,,,,
,,,,,3098,8.0,8,,,,,,,,,,
,,,,,3104,6.0,6,,,,,,,,,,
,,,,,3117,13.0,13,,,,,,,,,,
,,,,,3120,3.0,3,,,,,,,,,,
,,,,,3124,4.0,4,,,,,,,,,,
,,,,,3127,3.0,3,,,,,,,,,,
,,,,,3131,4.0,4,,,,,,,,,,
,,,,,3134,3.0,3,,,,,,,,,,
,,,,,3138,4.0,4,,,,,,,,,,
,,,,,3142,4.0,4,,,,,,,,,,
,,,,,3152,10.0,10,,,,,,,,,,
,,,,,3162,10.0,10,,,,,,,,,,
,,,,,3166,4.0,4,,,,,,,,,,
,,,,,3183,17.0,17,,,,,,,,,,
,,,,,3187,4.0,4,,,,,,,,,,
,,,,,3191,4.0,4,,,,,,,,,,
,,,,,3196,5.0,5,,,,,,,,,,
,,,,,3201,5.0,5,,,,,,,,,,
,,,,,3205,4.0,4,,,,,,,,,,
,,,,,3208,3.0,3,,,,,,,,,,
,,,,,3212,4.0,4,,,,,,,,,,
,,,,,3221,9.0,9,,,,,,,,,,
,,,,,3227,6.0,6,,,,,,,,,,
,,,,,3233,6.0,6,,,,,,,,,,
,,,,,3236,3.0,3,,,,,,,,,,
,,,,,3241,5.0,5,,,,,,,,,,
,,,,,3248,7.0,7,,,,,,,,,,
,,,,,3260,12.0,12,,,,,,,,,,
,,,,,3265,5.0,5,,,,,,,,,,
,,,,,3275,10.0,10,,,,,,,,,,
,,,,,3280,5.0,5,,,,,,,,,,
,,,,,3286,6.0,6,,,,,,,,,,
,,,,,3294,8.0,8,,,,,,,,,,
,,,,,3303,9.0,9,,,,,,,,,,
,,,,,3306,3.0,3,,,,,,,,,,
,,,,,3309,3.0,3,,,,,,,,,,
,,,,,3315,6.0,6,,,,,,,,,,
,,,,,3319,4.0,4,,,,,,,,,,
,,,,,3332,13.0,13,,,,,,,,,,
,,,,,3340,8.0,8,,,,,,,,,,
,,,,,3356,16.0,16,,,,,,,,,,
,,,,,3361,5.0,5,,,,,,,,,,
,,,,,3367,6.0,6,,,,,,,,,,
,,,,,3374,7.0,7,,,,,,,,,,
,,,,,3378,4.0,4,,,,,,,,,,
,,,,,3383,5.0,5,,,,,,,,,,
,,,,,3388,5.0,5,,,,,,,,,,
,,,,,3391,3.0,3,,,,,,,,,,
,,,,,3404,13.0,13,,,,,,,,,,
,,,,,3413,9.0,9,,,,,,,,,,
,,,,,3419,6.0,6,,,,,,,,,,
,,,,,3430,11.0,11,,,,,,,,,,
,,,,,3437,7.0,7,,,,,,,,,,
,,,,,3442,5.0,5,,,,,,,,,,
,,,,,3455,13.0,13,,,,,,,,,,
,,,,,3464,9.0,9,,,,,,,,,,
,,,,,3472,8.0,8,,,,,,,,,,
,,,,,3476,4.0,4,,,,,,,,,,
,,,,,3481,5.0,5,,,,,,,,,,
,,,,,3487,6.0,6,,,,,,,,,,
,,,,,3498,11.0,11,,,,,,,,,,
,,,,,3505,7.0,7,,,,,,,,,,
,,,,,3510,5.0,5,,,,,,,,,,
,,,,,3525,15.0,15,,,,,,,,,,
,,,,,3528,3.0,3,,,,,,,,,,
,,,,,3538,10.0,10,,,,,,,,,,
,,,,,3542,4.0,4,,,,,,,,,,
,,,,,3549,7.0,7,,,,,,,,,,
,,,,,3559,10.0,10,,,,,,,,,,
,,,,,3563,4.0,4,,,,,,,,,,
,,,,,3573,10.0,10,,,,,,,,,,
,,,,,3588,15.0,15,,,,,,,,,,
,,,,,3593,5.0,5,,,,,,,,,,
,,,,,3607,14.0,14,,,,,,,,,,
,,,,,3611,4.0,4,,,,,,,,,,
,,,,,3615,4.0,4,,,,,,,,,,
,,,,,3623,8.0,8,,,,,,,,,,
,,,,,3629,6.0,6,,,,,,,,,,
,,,,,3632,3.0,3,,,,,,,,,,
,,,,,3636,4.0,4,,,,,,,,,,
,,,,,3640,4.0,4,,,,,,,,,,
,,,,,3656,16.0,16,,,,,,,,,,
,,,,,3660,4.0,4,,,,,,,,,,
,,,,,3665,5.0,5,,,,,,,,,,
,,,,,3669,4.0,4,,,,,,,,,,
,,,,,3674,5.0,5,,,,,,,,,,
,,,,,3677,3.0,3,,,,,,,,,,
,,,,,3684,7.0,7,,,,,,,,,,
,,,,,3693,9.0,9,,,,,,,,,,
,,,,,3701,8.0,8,,,,,,,,,,
,,,,,3707,6.0,6,,,,,,,,,,
,,,,,3711,4.0,4,,,,,,,,,,
,,,,,3719,8.0,8,,,,,,,,,,
,,,,,3723,4.0,4,,,,,,,,,,
,,,,,3731,8.0,8,,,,,,,,,,
,,,,,3737,6.0,6,,,,,,,,,,
,,,,,3761,24.0,24,,,,,,,,,,
,,,,,3779,18.0,18,,,,,,,,,,
,,,,,3784,5.0,5,,,,,,,,,,
,,,,,3800,16.0,16,,,,,,,,,,
,,,,,3816,16.0,16,,,,,,,,,,
,,,,,3819,3.0,3,,,,,,,,,,
,,,,,3825,6.0,6,,,,,,,,,,
,,,,,3830,5.0,5,,,,,,,,,,
,,,,,3834,4.0,4,,,,,,,,,,
,,,,,3838,4.0,4,,,,,,,,,,
,,,,,3844,6.0,6,,,,,,,,,,
,,,,,3849,5.0,5,,,,,,,,,,
,,,,,3852,3.0,3,,,,,,,,,,
,,,,,3875,23.0,23,,,,,,,,,,
,,,,,3879,4.0,4,,,,,,,,,,
,,,,,3885,6.0,6,,,,,,,,,,
,,,,,3890,5.0,5,,,,,,,,,,
,,,,,3894,4.0,4,,,,,,,,,,
,,,,,3909,15.0,15,,,,,,,,,,
,,,,,3914,5.0,5,,,,,,,,,,
,,,,,3917,3.0,3,,,,,,,,,,
,,,,,3922,5.0,5,,,,,,,,,,
,,,,,3931,9.0,9,,,,,,,,,,
,,,,,3939,8.0,8,,,,,,,,,,
,,,,,3949,10.0,10,,,,,,,,,,
,,,,,3960,11.0,11,,,,,,,,,,
,,,,,3963,3.0,3,,,,,,,,,,
,,,,,3968,5.0,5,,,,,,,,,,
,,,,,3973,5.0,5,,,,,,,,,,
,,,,,3982,9.0,9,,,,,,,,,,
,,,,,3988,6.0,6,,,,,,,,,,
,,,,,3998,10.0,10,,,,,,,,,,
,,,,,4005,7.0,7,,,,,,,,,,
,,,,,4022,17.0,17,,,,,,,,,,
,,,,,4028,6.0,6,,,,,,,,,,
,,,,,4036,8.0,8,,,,,,,,,,
,,,,,4039,3.0,3,,,,,,,,,,
,,,,,4055,16.0,16,,,,,,,,,,
,,,,,4066,11.0,11,,,,,,,,,,
,,,,,4072,6.0,6,,,,,,,,,,
,,,,,4087,15.0,15,,,,,,,,,,
,,,,,4093,6.0,6,,,,,,,,,,
,,,,,4110,17.0,17,,,,,,,,,,
,,,,,4115,5.0,5,,,,,,,,,,
,,,,,4127,12.0,12,,,,,,,,,,
,,,,,4138,11.0,11,,,,,,,,,,
,,,,,4141,3.0,3,,,,,,,,,,
,,,,,4146,5.0,5,,,,,,,,,,
,,,,,4155,9.0,9,,,,,,,,,,
,,,,,4164,9.0,9,,,,,,,,,,
,,,,,4169,5.0,5,,,,,,,,,,
,,,,,4175,6.0,6,,,,,,,,,,
,,,,,4178,3.0,3,,,,,,,,,,
,,,,,4181,3.0,3,,,,,,,,,,
,,,,,4200,19.0,19,,,,,,,,,,
,,,,,4206,6.0,6,,,,,,,,,,
,,,,,4210,4.0,4,,,,,,,,,,
,,,,,4218,8.0,8,,,,,,,,,,
,,,,,4221,3.0,3,,,,,,,,,,
,,,,,4226,5.0,5,,,,,,,,,,
,,,,,4237,11.0,11,,,,,,,,,,
,,,,,4244,7.0,7,,,,,,,,,,
,,,,,4252,8.0,8,,,,,,,,,,
,,,,,4261,9.0,9,,,,,,,,,,
,,,,,4274,13.0,13,,,,,,,,,,
,,,,,4278,4.0,4,,,,,,,,,,
,,,,,4281,3.0,3,,,,,,,,,,
,,,,,4287,6.0,6,,,,,,,,,,
,,,,,4301,14.0,14,,,,,,,,,,
,,,,,4309,8.0,8,,,,,,,,,,
,,,,,4317,8.0,8,,,,,,,,,,
,,,,,4322,5.0,5,,,,,,,,,,
,,,,,4328,6.0,6,,,,,,,,,,
,,,,,4332,4.0,4,,,,,,,,,,
,,,,,4342,10.0,10,,,,,,,,,,
,,,,,4346,4.0,4,,,,,,,,,,
,,,,,4350,4.0,4,,,,,,,,,,
,,,,,4354,4.0,4,,,,,,,,,,
,,,,,4357,3.0,3,,,,,,,,,,
,,,,,4360,3.0,3,,,,,,,,,,
,,,,,4364,4.0,4,,,,,,,,,,
,,,,,4368,4.0,4,,,,,,,,,,
,,,,,4372,4.0,4,,,,,,,,,,
,,,,,4381,9.0,9,,,,,,,,,,
,,,,,4388,7.0,7,,,,,,,,,,
,,,,,4392,4.0,4,,,,,,,,,,
,,,,,4400,8.0,8,,,,,,,,,,
,,,,,4404,4.0,4,,,,,,,,,,
,,,,,4409,5.0,5,,,,,,,,,,
,,,,,4413,4.0,4,,,,,,,,,,
,,,,,4424,11.0,11,,,,,,,,,,
,,,,,4429,5.0,5,,,,,,,,,,
,,,,,4436,7.0,7,,,,,,,,,,
,,,,,4442,6.0,6,,,,,,,,,,
,,,,,4445,3.0,3,,,,,,,,,,
,,,,,4448,3.0,3,,,,,,,,,,
,,,,,4454,6.0,6,,,,,,,,,,
,,,,,4460,6.0,6,,,,,,,,,,
,,,,,4465,5.0,5,,,,,,,,,,
,,,,,4469,4.0,4,,,,,,,,,,
,,,,,4473,4.0,4,,,,,,,,,,
,,,,,4482,9.0,9,,,,,,,,,,
,,,,,4488,6.0,6,,,,,,,,,,
,,,,,4495,7.0,7,,,,,,,,,,
,,,,,4515,20.0,20,,,,,,,,,,
,,,,,4518,3.0,3,,,,,,,,,,
,,,,,4523,5.0,5,,,,,,,,,,
,,,,,4531,8.0,8,,,,,,,,,,
,,,,,4534,3.0,3,,,,,,,,,,
,,,,,4538,4.0,4,,,,,,,,,,
,,,,,4542,4.0,4,,,,,,,,,,
,,,,,4547,5.0,5,,,,,,,,,,
,,,,,4557,10.0,10,,,,,,,,,,
,,,,,4562,5.0,5,,,,,,,,,,
,,,,,4566,4.0,4,,,,,,,,,,
,,,,,4579,13.0,13,,,,,,,,,,
,,,,,4585,6.0,6,,,,,,,,,,
,,,,,4593,8.0,8,,,,,,,,,,
,,,,,4597,4.0,4,,,,,,,,,,
,,,,,4602,5.0,5,,,,,,,,,,
,,,,,4607,5.0,5,,,,,,,,,,
,,,,,4612,5.0,5,,,,,,,,,,
,,,,,4616,4.0,4,,,,,,,,,,
,,,,,4622,6.0,6,,,,,,,,,,
,,,,,4626,4.0,4,,,,,,,,,,
,,,,,4634,8.0,8,,,,,,,,,,
,,,,,4640,6.0,6,,,,,,,,,,
,,,,,4645,5.0,5,,,,,,,,,,
,,,,,4650,5.0,5,,,,,,,,,,
,,,,,4659,9.0,9,,,,,,,,,,
,,,,,4664,5.0,5,,,,,,,,,,
,,,,,4673,9.0,9,,,,,,,,,,
,,,,,4678,5.0,5,,,,,,,,,,
,,,,,4682,4.0,4,,,,,,,,,,
,,,,,4686,4.0,4,,,,,,,,,,
,,,,,4698,12.0,12,,,,,,,,,,
,,,,,4707,9.0,9,,,,,,,,,,
,,,,,4712,5.0,5,,,,,,,,,,
,,,,,4723,11.0,11,,,,,,,,,,
,,,,,4727,4.0,4,,,,,,,,,,
,,,,,4732,5.0,5,,,,,,,,,,
,,,,,4740,8.0,8,,,,,,,,,,
,,,,,4747,7.0,7,,,,,,,,,,
,,,,,4754,7.0,7,,,,,,,,,,
,,,,,4758,4.0,4,,,,,,,,,,
,,,,,4781,23.0,23,,,,,,,,,,
,,,,,4784,3.0,3,,,,,,,,,,
,,,,,4794,10.0,10,,,,,,,,,,
,,,,,4799,5.0,5,,,,,,,,,,
,,,,,4809,10.0,10,,,,,,,,,,
,,,,,4814,5.0,5,,,,,,,,,,
,,,,,4820,6.0,6,,,,,,,,,,
,,,,,4832,12.0,12,,,,,,,,,,
,,,,,4841,9.0,9,,,,,,,,,,
,,,,,4853,12.0,12,,,,,,,,,,
,,,,,4858,5.0,5,,,,,,,,,,
,,,,,4864,6.0,6,,,,,,,,,,
,,,,,4870,6.0,6,,,,,,,,,,
,,,,,4880,10.0,10,,,,,,,,,,
,,,,,4886,6.0,6,,,,,,,,,,
,,,,,4893,7.0,7,,,,,,,,,,
,,,,,4898,5.0,5,,,,,,,,,,
,,,,,4907,9.0,9,,,,,,,,,,
,,,,,4911,4.0,4,,,,,,,,,,
,,,,,4918,7.0,7,,,,,,,,,,
,,,,,4924,6.0,6,,,,,,,,,,
,,,,,4927,3.0,3,,,,,,,,,,
,,,,,4931,4.0,4,,,,,,,,,,
,,,,,4936,5.0,5,,,,,,,,,,
,,,,,4939,3.0,3,,,,,,,,,,
,,,,,4946,7.0,7,,,,,,,,,,
,,,,,4951,5.0,5,,,,,,,,,,
,,,,,4954,3.0,3,,,,,,,,,,
,,,,,4965,11.0,11,,,,,,,,,,
,,,,,4979,14.0,14,,,,,,,,,,
,,,,,4988,9.0,9,,,,,,,,,,
,,,,,4992,4.0,4,,,,,,,,,,
,,,,,4996,4.0,4,,,,,,,,,,
,,,,,4999,3.0,3,,,,,,,,,,
7.4,4.8207884,18.0,3.0,7.4,5000,,,-0.1412893533706665,0.6430898904800415,1.0687729120254517,0.061339590698480606,1.0931553840637207,0.09999999403953552,0.16430898010730743,0.0003,0.0003,0.09999001026153564
,,,,,5005,6.0,6,,,,,,,,,,
,,,,,5013,8.0,8,,,,,,,,,,
,,,,,5022,9.0,9,,,,,,,,,,
,,,,,5027,5.0,5,,,,,,,,,,
,,,,,5030,3.0,3,,,,,,,,,,
,,,,,5033,3.0,3,,,,,,,,,,
,,,,,5037,4.0,4,,,,,,,,,,
,,,,,5041,4.0,4,,,,,,,,,,
,,,,,5047,6.0,6,,,,,,,,,,
,,,,,5051,4.0,4,,,,,,,,,,
,,,,,5054,3.0,3,,,,,,,,,,
,,,,,5057,3.0,3,,,,,,,,,,
,,,,,5061,4.0,4,,,,,,,,,,
,,,,,5065,4.0,4,,,,,,,,,,
,,,,,5069,4.0,4,,,,,,,,,,
,,,,,5075,6.0,6,,,,,,,,,,
,,,,,5080,5.0,5,,,,,,,,,,
,,,,,5101,21.0,21,,,,,,,,,,
,,,,,5105,4.0,4,,,,,,,,,,
,,,,,5108,3.0,3,,,,,,,,,,
,,,,,5112,4.0,4,,,,,,,,,,
,,,,,5116,4.0,4,,,,,,,,,,
,,,,,5119,3.0,3,,,,,,,,,,
,,,,,5123,4.0,4,,,,,,,,,,
,,,,,5131,8.0,8,,,,,,,,,,
,,,,,5134,3.0,3,,,,,,,,,,
,,,,,5138,4.0,4,,,,,,,,,,
,,,,,5143,5.0,5,,,,,,,,,,
,,,,,5152,9.0,9,,,,,,,,,,
,,,,,5156,4.0,4,,,,,,,,,,
,,,,,5162,6.0,6,,,,,,,,,,
,,,,,5166,4.0,4,,,,,,,,,,
,,,,,5176,10.0,10,,,,,,,,,,
,,,,,5183,7.0,7,,,,,,,,,,
,,,,,5192,9.0,9,,,,,,,,,,
,,,,,5198,6.0,6,,,,,,,,,,
,,,,,5204,6.0,6,,,,,,,,,,
,,,,,5215,11.0,11,,,,,,,,,,
,,,,,5227,12.0,12,,,,,,,,,,
,,,,,5232,5.0,5,,,,,,,,,,
,,,,,5235,3.0,3,,,,,,,,,,
,,,,,5243,8.0,8,,,,,,,,,,
,,,,,5252,9.0,9,,,,,,,,,,
,,,,,5256,4.0,4,,,,,,,,,,
,,,,,5276,20.0,20,,,,,,,,,,
,,,,,5291,15.0,15,,,,,,,,,,
,,,,,5302,11.0,11,,,,,,,,,,
,,,,,5307,5.0,5,,,,,,,,,,
,,,,,5312,5.0,5,,,,,,,,,,
,,,,,5319,7.0,7,,,,,,,,,,
,,,,,5328,9.0,9,,,,,,,,,,
,,,,,5337,9.0,9,,,,,,,,,,
,,,,,5341,4.0,4,,,,,,,,,,
,,,,,5349,8.0,8,,,,,,,,,,
,,,,,5352,3.0,3,,,,,,,,,,
,,,,,5382,30.0,30,,,,,,,,,,
,,,,,5396,14.0,14,,,,,,,,,,
,,,,,5401,5.0,5,,,,,,,,,,
,,,,,5406,5.0,5,,,,,,,,,,
,,,,,5424,18.0,18,,,,,,,,,,
,,,,,5439,15.0,15,,,,,,,,,,
,,,,,5466,27.0,27,,,,,,,,,,
,,,,,5481,15.0,15,,,,,,,,,,
,,,,,5490,9.0,9,,,,,,,,,,
,,,,,5507,17.0,17,,,,,,,,,,
,,,,,5557,50.0,50,,,,,,,,,,
,,,,,5576,19.0,19,,,,,,,,,,
,,,,,5596,20.0,20,,,,,,,,,,
,,,,,5613,17.0,17,,,,,,,,,,
,,,,,5631,18.0,18,,,,,,,,,,
,,,,,5651,20.0,20,,,,,,,,,,
,,,,,5674,23.0,23,,,,,,,,,,
,,,,,5720,46.0,46,,,,,,,,,,
,,,,,5753,33.0,33,,,,,,,,,,
,,,,,5779,26.0,26,,,,,,,,,,
,,,,,5806,27.0,27,,,,,,,,,,
,,,,,5839,33.0,33,,,,,,,,,,
,,,,,5890,51.0,51,,,,,,,,,,
,,,,,5919,29.0,29,,,,,,,,,,
,,,,,5993,74.0,74,,,,,,,,,,
,,,,,6000,,,-4.794389724731445,-0.7093067765235901,0.6145544648170471,4.193584442138672,4.3155927658081055,0.09291663020849228,0.02701023779809475,0.0003,0.0003,0.09291304647922516
,,,,,6050,57.0,57,,,,,,,,,,
,,,,,6108,58.0,58,,,,,,,,,,
,,,,,6144,36.0,36,,,,,,,,,,
,,,,,6178,34.0,34,,,,,,,,,,
,,,,,6235,57.0,57,,,,,,,,,,
,,,,,6286,51.0,51,,,,,,,,,,
,,,,,6355,69.0,69,,,,,,,,,,
,,,,,6416,61.0,61,,,,,,,,,,
,,,,,6455,39.0,39,,,,,,,,,,
,,,,,6524,69.0,69,,,,,,,,,,
,,,,,6569,45.0,45,,,,,,,,,,
,,,,,6644,75.0,75,,,,,,,,,,
,,,,,6712,68.0,68,,,,,,,,,,
,,,,,6765,53.0,53,,,,,,,,,,
,,,,,6857,92.0,92,,,,,,,,,,
,,,,,6906,49.0,49,,,,,,,,,,
,,,,,6956,50.0,50,,,,,,,,,,
,,,,,7000,,,-9.841422080993652,-0.8912468552589417,1.5485541820526123,8.578230857849121,8.450310707092285,0.09038316458463669,0.009829460643231869,0.0003,0.0003,0.09038195759057999
,,,,,7087,131.0,131,,,,,,,,,,
,,,,,7165,78.0,78,,,,,,,,,,
,,,,,7215,50.0,50,,,,,,,,,,
,,,,,7304,89.0,89,,,,,,,,,,
,,,,,7385,81.0,81,,,,,,,,,,
,,,,,7474,89.0,89,,,,,,,,,,
,,,,,7559,85.0,85,,,,,,,,,,
,,,,,7641,82.0,82,,,,,,,,,,
,,,,,7720,79.0,79,,,,,,,,,,
,,,,,7854,134.0,134,,,,,,,,,,
,,,,,7959,105.0,105,,,,,,,,,,
,,,,,8000,,,-14.458207130432129,-1.1163735389709473,3.6822597980499268,12.70674991607666,12.318416595458984,0.08885741978883743,-0.01034066267311573,0.0003,0.0003,0.08885417878627777
,,,,,8074,115.0,115,,,,,,,,,,
,,,,,8150,76.0,76,,,,,,,,,,
,,,,,8235,85.0,85,,,,,,,,,,
,,,,,8299,64.0,64,,,,,,,,,,
,,,,,8398,99.0,99,,,,,,,,,,
,,,,,8493,95.0,95,,,,,,,,,,
,,,,,8580,87.0,87,,,,,,,,,,
,,,,,8659,79.0,79,,,,,,,,,,
,,,,,8734,75.0,75,,,,,,,,,,
,,,,,8863,129.0,129,,,,,,,,,,
,,,,,8934,71.0,71,,,,,,,,,,
,,,,,9000,,,-19.421581268310547,-0.676891028881073,2.469630002975464,17.313404083251953,17.29904556274414,0.08354003727436066,0.02699253335595131,0.0003,0.0003,0.08353272825479507
,,,,,9002,68.0,68,,,,,,,,,,
,,,,,9064,62.0,62,,,,,,,,,,
,,,,,9132,68.0,68,,,,,,,,,,
,,,,,9201,69.0,69,,,,,,,,,,
,,,,,9266,65.0,65,,,,,,,,,,
,,,,,9332,66.0,66,,,,,,,,,,
,,,,,9393,61.0,61,,,,,,,,,,
,,,,,9462,69.0,69,,,,,,,,,,
,,,,,9517,55.0,55,,,,,,,,,,
,,,,,9577,60.0,60,,,,,,,,,,
,,,,,9641,64.0,64,,,,,,,,,,
,,,,,9697,56.0,56,,,,,,,,,,
,,,,,9758,61.0,61,,,,,,,,,,
,,,,,9829,71.0,71,,,,,,,,,,
,,,,,9892,63.0,63,,,,,,,,,,
,,,,,9954,62.0,62,,,,,,,,,,
60.3,4.4508424,72.0,55.0,60.3,10000,,,-23.331974029541016,-1.0465797185897827,4.196684837341309,20.9453182220459,21.123882293701172,0.07702190428972244,-0.003587657818570733,0.0003,0.0003,0.07701854407787323
,,,,,10013,59.0,59,,,,,,,,,,
,,,,,10073,60.0,60,,,,,,,,,,
,,,,,10135,62.0,62,,,,,,,,,,
,,,,,10198,63.0,63,,,,,,,,,,
,,,,,10260,62.0,62,,,,,,,,,,
,,,,,10316,56.0,56,,,,,,,,,,
,,,,,10373,57.0,57,,,,,,,,,,
,,,,,10423,50.0,50,,,,,,,,,,
,,,,,10479,56.0,56,,,,,,,,,,
,,,,,10539,60.0,60,,,,,,,,,,
,,,,,10593,54.0,54,,,,,,,,,,
,,,,,10654,61.0,61,,,,,,,,,,
,,,,,10712,58.0,58,,,,,,,,,,
,,,,,10773,61.0,61,,,,,,,,,,
,,,,,10830,57.0,57,,,,,,,,,,
,,,,,10890,60.0,60,,,,,,,,,,
,,,,,10949,59.0,59,,,,,,,,,,
,,,,,11000,,,-26.072628021240234,-0.9218744039535522,9.006426811218262,23.4537353515625,23.490039825439453,0.07074465602636337,0.005526966881006956,0.0003,0.0003,0.0707385465502739
,,,,,11023,74.0,74,,,,,,,,,,
,,,,,11091,68.0,68,,,,,,,,,,
,,,,,11160,69.0,69,,,,,,,,,,
,,,,,11225,65.0,65,,,,,,,,,,
,,,,,11290,65.0,65,,,,,,,,,,
,,,,,11348,58.0,58,,,,,,,,,,
,,,,,11414,66.0,66,,,,,,,,,,
,,,,,11476,62.0,62,,,,,,,,,,
,,,,,11534,58.0,58,,,,,,,,,,
,,,,,11606,72.0,72,,,,,,,,,,
,,,,,11679,73.0,73,,,,,,,,,,
,,,,,11752,73.0,73,,,,,,,,,,
,,,,,11819,67.0,67,,,,,,,,,,
,,,,,11955,136.0,136,,,,,,,,,,
,,,,,12000,,,-31.216472625732422,-0.65877765417099,6.576812744140625,28.84256362915039,29.175256729125977,0.06484517455101013,0.02212662249803543,0.0003,0.0003,0.06483917683362961
,,,,,12060,105.0,105,,,,,,,,,,
,,,,,12124,64.0,64,,,,,,,,,,
,,,,,12201,77.0,77,,,,,,,,,,
,,,,,12269,68.0,68,,,,,,,,,,
,,,,,12348,79.0,79,,,,,,,,,,
,,,,,12426,78.0,78,,,,,,,,,,
,,,,,12521,95.0,95,,,,,,,,,,
,,,,,12622,101.0,101,,,,,,,,,,
,,,,,12708,86.0,86,,,,,,,,,,
,,,,,12772,64.0,64,,,,,,,,,,
,,,,,12851,79.0,79,,,,,,,,,,
,,,,,12924,73.0,73,,,,,,,,,,
,,,,,12983,59.0,59,,,,,,,,,,
,,,,,13000,,,-34.375030517578125,-0.6404241919517517,7.184810161590576,32.687129974365234,33.03498840332031,0.06000664830207825,0.02157694101333618,0.0003,0.0003,0.0600011833012104
,,,,,13046,63.0,63,,,,,,,,,,
,,,,,13123,77.0,77,,,,,,,,,,
,,,,,13179,56.0,56,,,,,,,,,,
,,,,,13235,56.0,56,,,,,,,,,,
,,,,,13289,54.0,54,,,,,,,,,,
,,,,,13346,57.0,57,,,,,,,,,,
,,,,,13400,54.0,54,,,,,,,,,,
,,,,,13449,49.0,49,,,,,,,,,,
,,,,,13499,50.0,50,,,,,,,,,,
,,,,,13555,56.0,56,,,,,,,,,,
,,,,,13607,52.0,52,,,,,,,,,,
,,,,,13667,60.0,60,,,,,,,,,,
,,,,,13719,52.0,52,,,,,,,,,,
,,,,,13770,51.0,51,,,,,,,,,,
,,,,,13821,51.0,51,,,,,,,,,,
,,,,,13873,52.0,52,,,,,,,,,,
,,,,,13924,51.0,51,,,,,,,,,,
,,,,,13976,52.0,52,,,,,,,,,,
,,,,,14000,,,-37.124149322509766,-0.9194711446762085,9.349716186523438,35.34892654418945,35.06542205810547,0.056715577840805054,0.004567243158817291,0.0003,0.0003,0.056712616235017776
,,,,,14026,50.0,50,,,,,,,,,,
,,,,,14081,55.0,55,,,,,,,,,,
,,,,,14133,52.0,52,,,,,,,,,,
,,,,,14181,48.0,48,,,,,,,,,,
,,,,,14234,53.0,53,,,,,,,,,,
,,,,,14281,47.0,47,,,,,,,,,,
,,,,,14333,52.0,52,,,,,,,,,,
,,,,,14385,52.0,52,,,,,,,,,,
,,,,,14435,50.0,50,,,,,,,,,,
,,,,,14485,50.0,50,,,,,,,,,,
,,,,,14538,53.0,53,,,,,,,,,,
,,,,,14592,54.0,54,,,,,,,,,,
,,,,,14640,48.0,48,,,,,,,,,,
,,,,,14690,50.0,50,,,,,,,,,,
,,,,,14743,53.0,53,,,,,,,,,,
,,,,,14793,50.0,50,,,,,,,,,,
,,,,,14841,48.0,48,,,,,,,,,,
,,,,,14890,49.0,49,,,,,,,,,,
,,,,,14938,48.0,48,,,,,,,,,,
,,,,,14987,49.0,49,,,,,,,,,,
51.8,1.5362291,55.0,50.0,51.8,15000,,,-40.51676940917969,-0.7178955674171448,1.2288073301315308,39.374942779541016,39.46281433105469,0.054168958216905594,0.015281306579709053,0.0003,0.0003,0.05416526272892952
,,,,,15036,49.0,49,,,,,,,,,,
,,,,,15088,52.0,52,,,,,,,,,,
,,,,,15140,52.0,52,,,,,,,,,,
,,,,,15192,52.0,52,,,,,,,,,,
,,,,,15243,51.0,51,,,,,,,,,,
,,,,,15294,51.0,51,,,,,,,,,,
,,,,,15343,49.0,49,,,,,,,,,,
,,,,,15394,51.0,51,,,,,,,,,,
,,,,,15442,48.0,48,,,,,,,,,,
,,,,,15492,50.0,50,,,,,,,,,,
,,,,,15541,49.0,49,,,,,,,,,,
,,,,,15591,50.0,50,,,,,,,,,,
,,,,,15644,53.0,53,,,,,,,,,,
,,,,,15695,51.0,51,,,,,,,,,,
,,,,,15746,51.0,51,,,,,,,,,,
,,,,,15798,52.0,52,,,,,,,,,,
,,,,,15850,52.0,52,,,,,,,,,,
,,,,,15902,52.0,52,,,,,,,,,,
,,,,,15952,50.0,50,,,,,,,,,,
,,,,,16000,,,-41.41909408569336,-1.2247998714447021,22.423717498779297,38.935935974121094,38.50340270996094,0.051995303481817245,-0.0116885369643569,0.0003,0.0003,0.051993221044540405
,,,,,16003,51.0,51,,,,,,,,,,
,,,,,16055,52.0,52,,,,,,,,,,
,,,,,16108,53.0,53,,,,,,,,,,
,,,,,16159,51.0,51,,,,,,,,,,
,,,,,16208,49.0,49,,,,,,,,,,
,,,,,16265,57.0,57,,,,,,,,,,
,,,,,16315,50.0,50,,,,,,,,,,
,,,,,16369,54.0,54,,,,,,,,,,
,,,,,16422,53.0,53,,,,,,,,,,
,,,,,16476,54.0,54,,,,,,,,,,
,,,,,16533,57.0,57,,,,,,,,,,
,,,,,16591,58.0,58,,,,,,,,,,
,,,,,16647,56.0,56,,,,,,,,,,
,,,,,16699,52.0,52,,,,,,,,,,
,,,,,16755,56.0,56,,,,,,,,,,
,,,,,16811,56.0,56,,,,,,,,,,
,,,,,16868,57.0,57,,,,,,,,,,
,,,,,16928,60.0,60,,,,,,,,,,
,,,,,16989,61.0,61,,,,,,,,,,
,,,,,17000,,,-44.474334716796875,-0.8410952091217041,8.531964302062988,41.90233612060547,41.739383697509766,0.05070696026086807,0.008057580329477787,0.0003,0.0003,0.05070526897907257
,,,,,17045,56.0,56,,,,,,,,,,
,,,,,17105,60.0,60,,,,,,,,,,
,,,,,17160,55.0,55,,,,,,,,,,
,,,,,17213,53.0,53,,,,,,,,,,
,,,,,17265,52.0,52,,,,,,,,,,
,,,,,17318,53.0,53,,,,,,,,,,
,,,,,17371,53.0,53,,,,,,,,,,
,,,,,17427,56.0,56,,,,,,,,,,
,,,,,17482,55.0,55,,,,,,,,,,
,,,,,17536,54.0,54,,,,,,,,,,
,,,,,17594,58.0,58,,,,,,,,,,
,,,,,17654,60.0,60,,,,,,,,,,
,,,,,17711,57.0,57,,,,,,,,,,
,,,,,17767,56.0,56,,,,,,,,,,
,,,,,17823,56.0,56,,,,,,,,,,
,,,,,17879,56.0,56,,,,,,,,,,
,,,,,17939,60.0,60,,,,,,,,,,
,,,,,17995,56.0,56,,,,,,,,,,
,,,,,18000,,,-45.89425277709961,-1.1071782112121582,15.233406066894531,42.28607940673828,42.247920989990234,0.049315519630908966,-0.005285545717924833,0.0003,0.0003,0.049316905438899994
,,,,,18049,54.0,54,,,,,,,,,,
,,,,,18105,56.0,56,,,,,,,,,,
,,,,,18164,59.0,59,,,,,,,,,,
,,,,,18222,58.0,58,,,,,,,,,,
,,,,,18276,54.0,54,,,,,,,,,,
,,,,,18333,57.0,57,,,,,,,,,,
,,,,,18388,55.0,55,,,,,,,,,,
,,,,,18447,59.0,59,,,,,,,,,,
,,,,,18501,54.0,54,,,,,,,,,,
,,,,,18559,58.0,58,,,,,,,,,,
,,,,,18616,57.0,57,,,,,,,,,,
,,,,,18670,54.0,54,,,,,,,,,,
,,,,,18728,58.0,58,,,,,,,,,,
,,,,,18784,56.0,56,,,,,,,,,,
,,,,,18842,58.0,58,,,,,,,,,,
,,,,,18900,58.0,58,,,,,,,,,,
,,,,,18962,62.0,62,,,,,,,,,,
,,,,,19000,,,-48.16759490966797,-1.201967716217041,20.452131271362305,45.3879508972168,44.80997085571289,0.05141938477754593,-0.010385056957602501,0.0003,0.0003,0.05142249912023544
,,,,,19018,56.0,56,,,,,,,,,,
,,,,,19076,58.0,58,,,,,,,,,,
,,,,,19134,58.0,58,,,,,,,,,,
,,,,,19193,59.0,59,,,,,,,,,,
,,,,,19252,59.0,59,,,,,,,,,,
,,,,,19307,55.0,55,,,,,,,,,,
,,,,,19364,57.0,57,,,,,,,,,,
,,,,,19418,54.0,54,,,,,,,,,,
,,,,,19473,55.0,55,,,,,,,,,,
,,,,,19528,55.0,55,,,,,,,,,,
,,,,,19581,53.0,53,,,,,,,,,,
,,,,,19636,55.0,55,,,,,,,,,,
,,,,,19692,56.0,56,,,,,,,,,,
,,,,,19747,55.0,55,,,,,,,,,,
,,,,,19803,56.0,56,,,,,,,,,,
,,,,,19859,56.0,56,,,,,,,,,,
,,,,,19915,56.0,56,,,,,,,,,,
,,,,,19970,55.0,55,,,,,,,,,,
57.0,1.6124516,59.0,54.0,57.0,20000,,,-50.71790313720703,-1.0343409776687622,5.690453052520752,49.2535400390625,49.46023178100586,0.05526992306113243,-0.0018980250461027026,0.0003,0.0003,0.0552738755941391
,,,,,20029,59.0,59,,,,,,,,,,
,,,,,20083,54.0,54,,,,,,,,,,
,,,,,20139,56.0,56,,,,,,,,,,
,,,,,20192,53.0,53,,,,,,,,,,
,,,,,20247,55.0,55,,,,,,,,,,
,,,,,20299,52.0,52,,,,,,,,,,
,,,,,20354,55.0,55,,,,,,,,,,
,,,,,20407,53.0,53,,,,,,,,,,
,,,,,20463,56.0,56,,,,,,,,,,
,,,,,20516,53.0,53,,,,,,,,,,
,,,,,20569,53.0,53,,,,,,,,,,
,,,,,20623,54.0,54,,,,,,,,,,
,,,,,20676,53.0,53,,,,,,,,,,
,,,,,20732,56.0,56,,,,,,,,,,
,,,,,20787,55.0,55,,,,,,,,,,
,,,,,20845,58.0,58,,,,,,,,,,
,,,,,20899,54.0,54,,,,,,,,,,
,,,,,20955,56.0,56,,,,,,,,,,
,,,,,21000,,,-49.189247131347656,-1.251744270324707,10.03483772277832,46.02253723144531,46.025062561035156,0.060084786266088486,-0.015125999227166176,0.0003,0.0003,0.060092151165008545
,,,,,21014,59.0,59,,,,,,,,,,
,,,,,21068,54.0,54,,,,,,,,,,
,,,,,21125,57.0,57,,,,,,,,,,
,,,,,21179,54.0,54,,,,,,,,,,
,,,,,21236,57.0,57,,,,,,,,,,
,,,,,21292,56.0,56,,,,,,,,,,
,,,,,21345,53.0,53,,,,,,,,,,
,,,,,21399,54.0,54,,,,,,,,,,
,,,,,21454,55.0,55,,,,,,,,,,
,,,,,21507,53.0,53,,,,,,,,,,
,,,,,21563,56.0,56,,,,,,,,,,
,,,,,21618,55.0,55,,,,,,,,,,
,,,,,21673,55.0,55,,,,,,,,,,
,,,,,21727,54.0,54,,,,,,,,,,
,,,,,21781,54.0,54,,,,,,,,,,
,,,,,21837,56.0,56,,,,,,,,,,
,,,,,21893,56.0,56,,,,,,,,,,
,,,,,21948,55.0,55,,,,,,,,,,
,,,,,22000,,,-51.261932373046875,-1.2375342845916748,4.100050926208496,49.29615020751953,49.67424774169922,0.0646359920501709,-0.01535325963050127,0.0003,0.0003,0.06464160233736038
,,,,,22004,56.0,56,,,,,,,,,,
,,,,,22059,55.0,55,,,,,,,,,,
,,,,,22113,54.0,54,,,,,,,,,,
,,,,,22171,58.0,58,,,,,,,,,,
,,,,,22228,57.0,57,,,,,,,,,,
,,,,,22285,57.0,57,,,,,,,,,,
,,,,,22341,56.0,56,,,,,,,,,,
,,,,,22397,56.0,56,,,,,,,,,,
,,,,,22451,54.0,54,,,,,,,,,,
,,,,,22505,54.0,54,,,,,,,,,,
,,,,,22561,56.0,56,,,,,,,,,,
,,,,,22618,57.0,57,,,,,,,,,,
,,,,,22675,57.0,57,,,,,,,,,,
,,,,,22731,56.0,56,,,,,,,,,,
,,,,,22788,57.0,57,,,,,,,,,,
,,,,,22845,57.0,57,,,,,,,,,,
,,,,,22903,58.0,58,,,,,,,,,,
,,,,,22962,59.0,59,,,,,,,,,,
,,,,,23000,,,-51.732086181640625,-1.392570972442627,5.091555118560791,48.19602584838867,48.21881103515625,0.06989435106515884,-0.027438491582870483,0.0003,0.0003,0.06989948451519012
,,,,,23019,57.0,57,,,,,,,,,,
,,,,,23079,60.0,60,,,,,,,,,,
,,,,,23139,60.0,60,,,,,,,,,,
,,,,,23199,60.0,60,,,,,,,,,,
,,,,,23262,63.0,63,,,,,,,,,,
,,,,,23323,61.0,61,,,,,,,,,,
,,,,,23383,60.0,60,,,,,,,,,,
,,,,,23446,63.0,63,,,,,,,,,,
,,,,,23509,63.0,63,,,,,,,,,,
,,,,,23574,65.0,65,,,,,,,,,,
,,,,,23639,65.0,65,,,,,,,,,,
,,,,,23698,59.0,59,,,,,,,,,,
,,,,,23756,58.0,58,,,,,,,,,,
,,,,,23813,57.0,57,,,,,,,,,,
,,,,,23872,59.0,59,,,,,,,,,,
,,,,,23930,58.0,58,,,,,,,,,,
,,,,,23989,59.0,59,,,,,,,,,,
,,,,,24000,,,-51.62865447998047,-0.8534340858459473,5.096912384033203,50.19427490234375,50.34788513183594,0.07547011971473694,0.011061348952353,0.0003,0.0003,0.07547465711832047
,,,,,24048,59.0,59,,,,,,,,,,
,,,,,24108,60.0,60,,,,,,,,,,
,,,,,24163,55.0,55,,,,,,,,,,
,,,,,24213,50.0,50,,,,,,,,,,
,,,,,24272,59.0,59,,,,,,,,,,
,,,,,24326,54.0,54,,,,,,,,,,
,,,,,24378,52.0,52,,,,,,,,,,
,,,,,24430,52.0,52,,,,,,,,,,
,,,,,24480,50.0,50,,,,,,,,,,
,,,,,24532,52.0,52,,,,,,,,,,
,,,,,24575,43.0,43,,,,,,,,,,
,,,,,24621,46.0,46,,,,,,,,,,
,,,,,24663,42.0,42,,,,,,,,,,
,,,,,24711,48.0,48,,,,,,,,,,
,,,,,24757,46.0,46,,,,,,,,,,
,,,,,24805,48.0,48,,,,,,,,,,
,,,,,24849,44.0,44,,,,,,,,,,
,,,,,24896,47.0,47,,,,,,,,,,
,,,,,24938,42.0,42,,,,,,,,,,
,,,,,24988,50.0,50,,,,,,,,,,
50.9,1.9209371,55.0,47.0,50.9,25000,,,-53.42924880981445,-1.1423462629318237,4.304093360900879,51.591468811035156,51.601776123046875,0.08125092089176178,-0.011565767228603363,0.0003,0.0003,0.08125700056552887
,,,,,25039,51.0,51,,,,,,,,,,
,,,,,25090,51.0,51,,,,,,,,,,
,,,,,25142,52.0,52,,,,,,,,,,
,,,,,25200,58.0,58,,,,,,,,,,
,,,,,25249,49.0,49,,,,,,,,,,
,,,,,25301,52.0,52,,,,,,,,,,
,,,,,25353,52.0,52,,,,,,,,,,
,,,,,25412,59.0,59,,,,,,,,,,
,,,,,25471,59.0,59,,,,,,,,,,
,,,,,25522,51.0,51,,,,,,,,,,
,,,,,25572,50.0,50,,,,,,,,,,
,,,,,25624,52.0,52,,,,,,,,,,
,,,,,25666,42.0,42,,,,,,,,,,
,,,,,25721,55.0,55,,,,,,,,,,
,,,,,25778,57.0,57,,,,,,,,,,
,,,,,25830,52.0,52,,,,,,,,,,
,,,,,25886,56.0,56,,,,,,,,,,
,,,,,25942,56.0,56,,,,,,,,,,
,,,,,25998,56.0,56,,,,,,,,,,
,,,,,26000,,,-52.13462448120117,-0.644761323928833,10.333303451538086,49.311832427978516,48.63841247558594,0.08073264360427856,0.02867935411632061,0.0003,0.0003,0.0807233676314354
,,,,,26042,44.0,44,,,,,,,,,,
,,,,,26088,46.0,46,,,,,,,,,,
,,,,,26134,46.0,46,,,,,,,,,,
,,,,,26184,50.0,50,,,,,,,,,,
,,,,,26240,56.0,56,,,,,,,,,,
,,,,,26293,53.0,53,,,,,,,,,,
,,,,,26346,53.0,53,,,,,,,,,,
,,,,,26404,58.0,58,,,,,,,,,,
,,,,,26459,55.0,55,,,,,,,,,,
,,,,,26519,60.0,60,,,,,,,,,,
,,,,,26572,53.0,53,,,,,,,,,,
,,,,,26627,55.0,55,,,,,,,,,,
,,,,,26683,56.0,56,,,,,,,,,,
,,,,,26746,63.0,63,,,,,,,,,,
,,,,,26808,62.0,62,,,,,,,,,,
,,,,,26863,55.0,55,,,,,,,,,,
,,,,,26921,58.0,58,,,,,,,,,,
,,,,,26977,56.0,56,,,,,,,,,,
,,,,,27000,,,-50.05074691772461,-0.8512259125709534,7.493804931640625,48.06747817993164,48.11054992675781,0.07629957050085068,0.011351396329700947,0.0003,0.0003,0.07629530131816864
,,,,,27032,55.0,55,,,,,,,,,,
,,,,,27092,60.0,60,,,,,,,,,,
,,,,,27145,53.0,53,,,,,,,,,,
,,,,,27199,54.0,54,,,,,,,,,,
,,,,,27258,59.0,59,,,,,,,,,,
,,,,,27321,63.0,63,,,,,,,,,,
,,,,,27388,67.0,67,,,,,,,,,,
,,,,,27451,63.0,63,,,,,,,,,,
,,,,,27518,67.0,67,,,,,,,,,,
,,,,,27578,60.0,60,,,,,,,,,,
,,,,,27642,64.0,64,,,,,,,,,,
,,,,,27700,58.0,58,,,,,,,,,,
,,,,,27758,58.0,58,,,,,,,,,,
,,,,,27819,61.0,61,,,,,,,,,,
,,,,,27881,62.0,62,,,,,,,,,,
,,,,,27939,58.0,58,,,,,,,,,,
,,,,,28000,,,-50.69345474243164,-0.7025649547576904,3.1467738151550293,48.24806213378906,48.0875358581543,0.07056005299091339,0.02098703198134899,0.0003,0.0003,0.07055538892745972
,,,,,28010,71.0,71,,,,,,,,,,
,,,,,28073,63.0,63,,,,,,,,,,
,,,,,28130,57.0,57,,,,,,,,,,
,,,,,28191,61.0,61,,,,,,,,,,
,,,,,28258,67.0,67,,,,,,,,,,
,,,,,28336,78.0,78,,,,,,,,,,
,,,,,28394,58.0,58,,,,,,,,,,
,,,,,28462,68.0,68,,,,,,,,,,
,,,,,28533,71.0,71,,,,,,,,,,
,,,,,28608,75.0,75,,,,,,,,,,
,,,,,28680,72.0,72,,,,,,,,,,
,,,,,28748,68.0,68,,,,,,,,,,
,,,,,28825,77.0,77,,,,,,,,,,
,,,,,28904,79.0,79,,,,,,,,,,
,,,,,28986,82.0,82,,,,,,,,,,
,,,,,29000,,,-51.56028366088867,-0.7195571660995483,1.6592156887054443,49.542396545410156,49.528167724609375,0.06506434828042984,0.018246829509735107,0.0003,0.0003,0.06505893915891647
,,,,,29080,94.0,94,,,,,,,,,,
,,,,,29165,85.0,85,,,,,,,,,,
,,,,,29250,85.0,85,,,,,,,,,,
,,,,,29332,82.0,82,,,,,,,,,,
,,,,,29428,96.0,96,,,,,,,,,,
,,,,,29524,96.0,96,,,,,,,,,,
,,,,,29627,103.0,103,,,,,,,,,,
,,,,,29757,130.0,130,,,,,,,,,,
,,,,,29890,133.0,133,,,,,,,,,,
,,,,,29956,66.0,66,,,,,,,,,,
130.4,57.548588,196.0,53.0,130.4,30000,,,-49.881065368652344,-0.5600020289421082,1.362830638885498,46.98905944824219,46.86578369140625,0.06117745488882065,0.0269179567694664,0.0003,0.0003,0.06117115542292595
,,,,,30034,78.0,78,,,,,,,,,,
,,,,,30094,60.0,60,,,,,,,,,,
,,,,,30925,831.0,831,,,,,,,,,,
,,,,,30989,64.0,64,,,,,,,,,,
,,,,,31000,,,-48.587486267089844,-0.4879119396209717,0.7967652678489685,48.16764831542969,48.157352447509766,0.05716537684202194,0.029273707419633865,0.0003,0.0003,0.05716191604733467
,,,,,31052,63.0,63,,,,,,,,,,
,,,,,31111,59.0,59,,,,,,,,,,
,,,,,31173,62.0,62,,,,,,,,,,
,,,,,31244,71.0,71,,,,,,,,,,
,,,,,31309,65.0,65,,,,,,,,,,
,,,,,31372,63.0,63,,,,,,,,,,
,,,,,31431,59.0,59,,,,,,,,,,
,,,,,31490,59.0,59,,,,,,,,,,
,,,,,31551,61.0,61,,,,,,,,,,
,,,,,31611,60.0,60,,,,,,,,,,
,,,,,31670,59.0,59,,,,,,,,,,
,,,,,31731,61.0,61,,,,,,,,,,
,,,,,31790,59.0,59,,,,,,,,,,
,,,,,31849,59.0,59,,,,,,,,,,
,,,,,31912,63.0,63,,,,,,,,,,
,,,,,31971,59.0,59,,,,,,,,,,
,,,,,32000,,,-49.37694549560547,-0.9061986804008484,16.1456298828125,46.02395248413086,45.84855651855469,0.05525714159011841,0.005183191504329443,0.0003,0.0003,0.05525558814406395
,,,,,32027,56.0,56,,,,,,,,,,
,,,,,32088,61.0,61,,,,,,,,,,
,,,,,32150,62.0,62,,,,,,,,,,
,,,,,32212,62.0,62,,,,,,,,,,
,,,,,32275,63.0,63,,,,,,,,,,
,,,,,32340,65.0,65,,,,,,,,,,
,,,,,32398,58.0,58,,,,,,,,,,
,,,,,32458,60.0,60,,,,,,,,,,
,,,,,32520,62.0,62,,,,,,,,,,
,,,,,32578,58.0,58,,,,,,,,,,
,,,,,32640,62.0,62,,,,,,,,,,
,,,,,32702,62.0,62,,,,,,,,,,
,,,,,32766,64.0,64,,,,,,,,,,
,,,,,32829,63.0,63,,,,,,,,,,
,,,,,32895,66.0,66,,,,,,,,,,
,,,,,32956,61.0,61,,,,,,,,,,
,,,,,33000,,,-44.882781982421875,-0.922537088394165,9.840112686157227,42.147525787353516,41.61418533325195,0.05472978949546814,0.004239528439939022,0.0003,0.0003,0.05472668632864952
,,,,,33016,60.0,60,,,,,,,,,,
,,,,,33090,74.0,74,,,,,,,,,,
,,,,,33154,64.0,64,,,,,,,,,,
,,,,,33217,63.0,63,,,,,,,,,,
,,,,,33280,63.0,63,,,,,,,,,,
,,,,,33348,68.0,68,,,,,,,,,,
,,,,,33411,63.0,63,,,,,,,,,,
,,,,,33474,63.0,63,,,,,,,,,,
,,,,,33542,68.0,68,,,,,,,,,,
,,,,,33609,67.0,67,,,,,,,,,,
,,,,,33676,67.0,67,,,,,,,,,,
,,,,,33743,67.0,67,,,,,,,,,,
,,,,,33810,67.0,67,,,,,,,,,,
,,,,,33875,65.0,65,,,,,,,,,,
,,,,,33943,68.0,68,,,,,,,,,,
,,,,,34000,,,-43.556941986083984,-1.346308946609497,11.410750389099121,40.60595703125,39.99615478515625,0.058277714997529984,-0.020182084292173386,0.0003,0.0003,0.058283980935811996
,,,,,34015,72.0,72,,,,,,,,,,
,,,,,34090,75.0,75,,,,,,,,,,
,,,,,34160,70.0,70,,,,,,,,,,
,,,,,34229,69.0,69,,,,,,,,,,
,,,,,34297,68.0,68,,,,,,,,,,
,,,,,34372,75.0,75,,,,,,,,,,
,,,,,34443,71.0,71,,,,,,,,,,
,,,,,34534,91.0,91,,,,,,,,,,
,,,,,34618,84.0,84,,,,,,,,,,
,,,,,34701,83.0,83,,,,,,,,,,
,,,,,34779,78.0,78,,,,,,,,,,
,,,,,34881,102.0,102,,,,,,,,,,
995.2,14.400001,1000.0,952.0,995.2,35000,,,-51.342350006103516,-1.2446802854537964,1.5062127113342285,49.21826934814453,49.27674865722656,0.06390737742185593,-0.015636874362826347,0.0003,0.0003,0.06391362845897675
,,,,,35881,1000.0,1000,,,,,,,,,,
,,,,,36000,,,-53.04133224487305,-0.9691699743270874,1.0542811155319214,50.417091369628906,50.30399703979492,0.06931408494710922,0.002136955503374338,0.0003,0.0003,0.06931953877210617
,,,,,36881,1000.0,1000,,,,,,,,,,
,,,,,37000,,,-52.37805938720703,-1.1625261306762695,1.1507017612457275,51.122798919677734,51.31714630126953,0.07575664669275284,-0.012312439270317554,0.0003,0.0003,0.07576289772987366
,,,,,37881,1000.0,1000,,,,,,,,,,
,,,,,38000,,,-51.88886260986328,-1.1083985567092896,6.285582065582275,50.78925704956055,50.5151252746582,0.08054713159799576,-0.008731193840503693,0.0003,0.0003,0.08055160194635391
,,,,,38881,1000.0,1000,,,,,,,,,,
,,,,,39000,,,-52.20274353027344,-1.0026800632476807,0.8920998573303223,50.43156433105469,50.523162841796875,0.08454141020774841,-0.00022657349472865462,0.0003,0.0003,0.08454497903585434
,,,,,39881,1000.0,1000,,,,,,,,,,
1000.0,0.0,1000.0,1000.0,1000.0,40000,,,-54.643592834472656,-1.0637331008911133,0.8885948061943054,51.793479919433594,51.61878967285156,0.08821108937263489,-0.005621963646262884,0.0003,0.0003,0.08821413666009903
,,,,,40881,1000.0,1000,,,,,,,,,,
,,,,,41000,,,-55.413665771484375,-1.1489951610565186,5.648427963256836,53.2342643737793,52.904884338378906,0.09034175425767899,-0.013460487127304077,0.0003,0.0003,0.09034380316734314
,,,,,41881,1000.0,1000,,,,,,,,,,
,,,,,42000,,,-54.631103515625,-0.926508903503418,1.513345718383789,53.6695671081543,53.60499572753906,0.08975913375616074,0.0065964930690824986,0.0003,0.0003,0.08976031094789505
,,,,,42881,1000.0,1000,,,,,,,,,,
,,,,,43000,,,-55.005653381347656,-1.078607201576233,4.749322891235352,52.374507904052734,52.20094299316406,0.08870215713977814,-0.006972627714276314,0.0003,0.0003,0.0887073203921318
,,,,,43881,1000.0,1000,,,,,,,,,,
,,,,,44000,,,-62.718536376953125,-1.0867178440093994,1.402958631515503,60.18205642700195,60.28608703613281,0.08722462505102158,-0.007563939783722162,0.0003,0.0003,0.08722612261772156
,,,,,44881,1000.0,1000,,,,,,,,,,
1000.0,0.0,1000.0,1000.0,1000.0,45000,,,-58.35824203491211,-0.9673075675964355,2.823284864425659,56.47709655761719,56.53223419189453,0.08539766073226929,0.002791857346892357,0.0003,0.0003,0.08539780229330063
,,,,,45881,1000.0,1000,,,,,,,,,,
,,,,,46000,,,-62.22673416137695,-0.8346237540245056,0.4009472727775574,60.898841857910156,60.96249771118164,0.08420328050851822,0.0139252208173275,0.0003,0.0003,0.08420336246490479
,,,,,46881,1000.0,1000,,,,,,,,,,
,,,,,47000,,,-60.48330307006836,-1.0769599676132202,0.5256232023239136,59.71682357788086,59.695926666259766,0.08211230486631393,-0.0063193561509251595,0.0003,0.0003,0.0821123793721199
,,,,,47881,1000.0,1000,,,,,,,,,,
,,,,,48000,,,-59.985042572021484,-1.068528175354004,4.891648292541504,57.786399841308594,57.485130310058594,0.07852122187614441,-0.005380912683904171,0.0003,0.0003,0.0785214826464653
,,,,,48881,1000.0,1000,,,,,,,,,,
,,,,,49000,,,-59.47893142700195,-0.933700680732727,0.5918018221855164,57.46868133544922,57.39270782470703,0.07529664784669876,0.004992120899260044,0.0003,0.0003,0.07529368251562119
,,,,,49881,1000.0,1000,,,,,,,,,,
