Eval_AverageReturn,Eval_StdReturn,Eval_MaxReturn,Eval_MinReturn,Eval_AverageEpLen,Train_AverageReturn,Train_StdReturn,Train_MaxReturn,Train_MinReturn,Train_AverageEpLen,Actor Loss,Baseline Loss,Train_EnvstepsSoFar,TimeSinceStart,Initial_DataCollection_AverageReturn,step
-703.56415,40.990246,-664.3939,-760.157,1000.0,-688.4963,58.523666,-598.1291,-757.7921,1000.0,-114.6441650390625,220.6968536376953,5000,2.1298680305480957,-688.4963,0
-882.05444,40.12737,-826.1234,-918.3325,1000.0,-776.25,52.868237,-709.4552,-858.87396,1000.0,-126.89852142333984,247.8555450439453,10000,4.49670934677124,,1
-812.64984,44.431396,-753.2589,-860.115,1000.0,-766.1161,24.528833,-738.03204,-806.936,1000.0,-117.05964660644531,201.60400390625,15000,6.6315624713897705,,2
-903.55194,52.846024,-847.1488,-974.21606,1000.0,-884.71844,51.842728,-809.7058,-952.0542,1000.0,-126.7468490600586,227.04608154296875,20000,8.819790840148926,,3
-963.88446,49.567272,-900.0172,-1020.84015,1000.0,-926.598,88.41733,-817.27295,-1043.7501,1000.0,-119.78105163574219,196.32240295410156,25000,11.001312017440796,,4
-949.0892,35.338753,-921.4415,-998.9678,1000.0,-914.9663,15.365785,-894.15625,-938.94604,1000.0,-102.48526763916016,153.05792236328125,30000,13.222299098968506,,5
-984.013,74.524765,-879.3092,-1046.7932,1000.0,-931.33185,75.18639,-787.7966,-1005.2931,1000.0,-90.27535247802734,135.27720642089844,35000,15.405394077301025,,6
-917.16406,91.78335,-817.0957,-1038.7944,1000.0,-960.15234,35.157032,-908.0771,-1007.3833,1000.0,-76.9611587524414,110.57007598876953,40000,17.55477547645569,,7
-890.3206,46.659424,-824.58826,-928.19617,1000.0,-988.89374,68.38347,-894.2127,-1069.294,1000.0,-69.82765197753906,105.80997467041016,45000,19.70467209815979,,8
-858.6399,70.9022,-759.4667,-921.04,1000.0,-950.84296,70.44749,-872.8151,-1077.1888,1000.0,-48.917659759521484,66.07257080078125,50000,21.858407258987427,,9
-827.1258,45.89387,-773.0925,-885.28204,1000.0,-907.2272,42.23998,-861.9116,-984.2521,1000.0,-28.581472396850586,45.692893981933594,55000,24.0149667263031,,10
-874.8548,44.03641,-821.7192,-929.552,1000.0,-855.65314,48.462196,-771.3291,-904.45544,1000.0,-11.25986099243164,41.16400146484375,60000,26.16422462463379,,11
-762.8764,19.124876,-746.951,-789.7713,1000.0,-814.9113,49.880665,-737.1736,-884.8467,1000.0,3.7244019508361816,36.16526412963867,65000,28.31731104850769,,12
-736.5937,43.055443,-699.2758,-796.9202,1000.0,-832.47375,90.6242,-739.1041,-984.63245,1000.0,-37.29670333862305,195.09922790527344,70000,30.478084325790405,,13
-764.11084,29.266893,-736.40735,-804.5936,1000.0,-765.52,21.724659,-737.53076,-788.8017,1000.0,11.037737846374512,59.36941146850586,75000,32.615283489227295,,14
-731.43964,44.526115,-683.30414,-790.66547,1000.0,-707.15424,58.98209,-621.8514,-774.4896,1000.0,30.659631729125977,48.878082275390625,80000,34.80582332611084,,15
-673.62067,47.192688,-607.42126,-714.0658,1000.0,-722.9972,54.792675,-631.7404,-778.1616,1000.0,28.431852340698242,48.06378173828125,85000,36.953927755355835,,16
-701.956,71.46221,-625.22766,-797.2837,1000.0,-718.6261,67.10236,-638.3167,-818.5962,1000.0,30.971965789794922,50.63158416748047,90000,39.13395810127258,,17
-631.56604,13.271577,-616.1975,-648.5808,1000.0,-614.10175,44.0213,-581.2859,-699.38196,1000.0,39.02980422973633,56.3498420715332,95000,41.29528880119324,,18
-691.79266,60.1824,-638.3827,-775.88586,1000.0,-596.9147,32.926147,-555.54065,-650.6896,1000.0,42.13316345214844,48.78029251098633,100000,43.45480465888977,,19
-612.16254,22.573586,-588.0256,-642.3254,1000.0,-729.9877,53.65084,-655.3766,-802.875,1000.0,16.9161319732666,45.80259323120117,105000,45.605947732925415,,20
-565.32245,21.580109,-539.8213,-592.59265,1000.0,-591.9064,69.15756,-507.27765,-698.3205,1000.0,29.364412307739258,54.141239166259766,110000,47.76174283027649,,21
-629.4553,20.482925,-606.43555,-656.19324,1000.0,-622.0341,27.871035,-580.4464,-650.87616,1000.0,18.474933624267578,33.73642349243164,115000,49.90668249130249,,22
-544.47455,26.921036,-507.58875,-571.0839,1000.0,-604.59576,64.228676,-489.7978,-686.51624,1000.0,16.54125213623047,29.275983810424805,120000,52.06297421455383,,23
-617.83325,37.377243,-588.655,-670.5938,1000.0,-579.5059,80.45264,-444.04504,-665.2284,1000.0,16.175586700439453,31.733919143676758,125000,54.23859429359436,,24
-548.1325,28.18417,-512.23267,-581.07983,1000.0,-538.9669,32.633453,-485.5076,-576.5834,1000.0,17.643617630004883,29.23038673400879,130000,56.40146780014038,,25
-638.1588,129.94897,-544.85034,-821.92706,1000.0,-574.6456,49.795307,-496.94617,-643.9474,1000.0,8.54668140411377,23.739673614501953,135000,58.60070610046387,,26
-556.3057,112.832695,-433.80185,-706.1095,1000.0,-494.26562,59.622784,-405.40607,-558.13806,1000.0,14.364543914794922,21.979385375976562,140000,60.791046380996704,,27
-496.85526,76.57889,-416.28357,-599.812,1000.0,-509.83154,55.60761,-454.07922,-607.3999,1000.0,7.7618913650512695,21.970415115356445,145000,62.946613788604736,,28
-462.4911,9.975686,-448.78186,-472.22913,1000.0,-474.03607,40.355927,-412.4421,-534.9458,1000.0,7.19782829284668,20.44227409362793,150000,65.17013454437256,,29
-466.1808,20.704796,-444.26346,-493.9548,1000.0,-436.05542,31.024426,-403.00525,-477.22028,1000.0,5.457712650299072,23.59527587890625,155000,67.38432598114014,,30
-507.2609,38.08839,-459.40482,-552.60004,1000.0,-475.46246,35.711098,-426.88467,-531.686,1000.0,0.643176794052124,20.108739852905273,160000,69.5309829711914,,31
-420.7256,41.384014,-380.05664,-477.50842,1000.0,-425.71478,30.744492,-386.9428,-464.61017,1000.0,3.442141056060791,19.343399047851562,165000,71.73237919807434,,32
-511.44543,40.177105,-475.261,-567.47595,1000.0,-417.18906,49.846268,-365.71735,-491.9375,1000.0,1.0266011953353882,24.670703887939453,170000,73.92004466056824,,33
-414.82584,29.763758,-373.09982,-440.48737,1000.0,-420.98822,62.684177,-343.21313,-507.6982,1000.0,1.741777777671814,17.4425106048584,175000,76.10790824890137,,34
-470.6815,42.025547,-424.35568,-526.08813,1000.0,-408.2518,68.011734,-335.33734,-531.5641,1000.0,-1.7994697093963623,26.79073715209961,180000,78.3032956123352,,35
-345.96765,10.868255,-330.717,-355.2489,1000.0,-381.50644,44.579575,-319.6975,-446.11975,1000.0,0.5925911068916321,22.19076156616211,185000,80.47981572151184,,36
-403.1376,35.221455,-370.68762,-452.0899,1000.0,-487.9118,67.1889,-412.13574,-573.8078,1000.0,-14.904337882995605,32.76765441894531,190000,82.66697430610657,,37
-361.74515,35.438835,-315.51074,-401.615,1000.0,-354.76404,39.004993,-323.81735,-423.2693,1000.0,3.9613187313079834,21.602262496948242,195000,84.83943295478821,,38
-424.16226,120.827415,-322.99765,-594.00555,1000.0,-370.43326,35.01615,-327.418,-431.82007,1000.0,2.2216639518737793,18.183835983276367,200000,87.0330114364624,,39
-335.58987,8.544191,-324.27496,-344.91943,1000.0,-372.71326,40.29881,-334.14294,-422.42496,1000.0,-3.777449131011963,34.22798538208008,205000,89.22412776947021,,40
-316.44473,21.501268,-299.0993,-346.74634,1000.0,-330.74088,19.262695,-302.77295,-362.2624,1000.0,8.493727684020996,19.232572555541992,210000,91.42260384559631,,41
-234.28517,120.47165,-65.25433,-337.282,1000.0,-330.17673,54.05108,-234.13455,-388.42282,1000.0,-3.6084487438201904,36.01947021484375,215000,93.62455439567566,,42
-299.93076,34.97545,-253.28598,-337.50522,1000.0,-323.02408,10.618195,-313.28723,-341.9038,1000.0,6.622208595275879,18.640317916870117,220000,95.78670811653137,,43
-269.31006,57.978325,-195.66574,-337.35104,1000.0,-277.90872,45.777435,-186.79085,-306.54282,1000.0,10.141263008117676,20.987041473388672,225000,97.94427180290222,,44
-379.59286,160.66264,-199.74811,-589.7676,1000.0,-337.1842,76.37123,-225.30075,-426.8921,1000.0,-1.9479258060455322,30.776199340820312,230000,100.10992097854614,,45
-308.85226,106.38737,-204.17087,-454.78122,1000.0,-282.48306,86.46101,-145.3697,-406.8271,1000.0,4.340666770935059,30.524127960205078,235000,102.28355574607849,,46
-294.4271,82.46345,-216.28052,-408.46814,1000.0,-256.82684,52.58875,-194.26523,-342.1603,1000.0,7.987736701965332,36.28553771972656,240000,104.42364692687988,,47
-229.88054,51.66566,-163.41183,-289.3912,1000.0,-300.57138,76.06794,-212.91022,-437.2696,1000.0,-3.7732760906219482,43.771854400634766,245000,106.55906891822815,,48
-257.67685,5.3458333,-253.25174,-265.19794,1000.0,-300.0595,79.009254,-182.58804,-399.50543,1000.0,-1.6305484771728516,37.59489440917969,250000,108.73234510421753,,49
-250.17043,74.102974,-184.6635,-353.76532,1000.0,-296.80972,37.623566,-234.70712,-346.45575,1000.0,0.48871737718582153,24.139686584472656,255000,110.90571737289429,,50
-254.71977,72.767654,-187.67896,-355.8556,1000.0,-248.29765,77.26258,-148.30318,-365.4098,1000.0,4.103694438934326,31.90589141845703,260000,113.07903695106506,,51
-229.41797,19.042927,-212.19978,-255.96028,1000.0,-332.223,87.240456,-236.46873,-486.50827,1000.0,-5.687438488006592,36.88951110839844,265000,115.24199938774109,,52
-293.598,131.59935,-168.90231,-475.59457,1000.0,-245.95268,84.99184,-153.19672,-348.79868,1000.0,0.4557698369026184,54.44527053833008,270000,117.38863348960876,,53
-315.0816,120.97964,-184.89336,-476.313,1000.0,-199.00728,18.330257,-173.7077,-221.86185,1000.0,10.397141456604004,22.92609405517578,275000,119.55463290214539,,54
-237.77214,75.47371,-166.42758,-342.19678,1000.0,-189.16153,91.3519,-106.95988,-360.54156,1000.0,10.736893653869629,25.722949981689453,280000,121.69322609901428,,55
-245.36664,213.51628,-79.696945,-546.83124,1000.0,-109.84459,23.307589,-68.10148,-139.94128,1000.0,19.01034927368164,25.1336727142334,285000,123.84262013435364,,56
-169.41156,21.979641,-153.27533,-200.4878,1000.0,-191.63203,44.532528,-147.06152,-276.34067,1000.0,7.5125041007995605,27.82369041442871,290000,125.99972224235535,,57
-292.7781,147.75404,-158.2392,-498.50818,1000.0,-245.01242,27.908411,-209.23203,-293.70538,1000.0,-1.0636610984802246,31.597763061523438,295000,128.16459846496582,,58
-196.45197,63.868637,-149.59538,-286.7544,1000.0,-231.6232,107.680626,-132.92047,-419.84293,1000.0,-3.4286601543426514,48.09797286987305,300000,130.33112168312073,,59
-290.54654,156.15028,-148.9608,-508.10275,1000.0,-199.33827,72.86697,-139.44019,-318.2685,1000.0,1.087822437286377,28.181884765625,305000,132.47004652023315,,60
-113.51583,73.174614,-59.52006,-216.96716,1000.0,-150.31577,72.29822,-77.42482,-282.27707,1000.0,4.660630226135254,35.200592041015625,310000,134.66566038131714,,61
-125.13419,91.357666,-2.307537,-221.25409,1000.0,-66.80305,31.373806,-29.525513,-117.72492,1000.0,13.000349044799805,30.16091537475586,315000,136.8143289089203,,62
-151.39679,98.46286,-23.020569,-262.29745,1000.0,-86.30982,77.007034,42.005302,-185.62723,1000.0,8.467162132263184,31.084293365478516,320000,138.96630835533142,,63
-49.213654,97.6624,60.260387,-176.87866,1000.0,-79.852585,98.37286,54.51102,-221.4086,1000.0,4.32624626159668,56.145023345947266,325000,141.10565280914307,,64
-30.450241,56.54147,14.265308,-110.21704,1000.0,-110.362526,121.4319,24.119041,-303.13623,1000.0,0.3995162546634674,48.269012451171875,330000,143.29479146003723,,65
-247.17009,147.03456,-39.37425,-357.73175,1000.0,29.563663,95.01455,169.73346,-100.311966,1000.0,14.358002662658691,47.68620681762695,335000,145.47962927818298,,66
148.74196,16.65814,166.70761,126.561905,1000.0,29.466282,79.007576,102.17611,-78.13751,1000.0,11.359501838684082,55.4625244140625,340000,147.6411690711975,,67
21.348066,108.19389,152.21555,-112.74539,1000.0,-118.26186,117.92436,-41.299347,-352.54364,1000.0,-6.925200939178467,105.47515869140625,345000,149.79343819618225,,68
17.675173,113.59177,110.5004,-142.28145,1000.0,-2.9838166,93.37515,155.9515,-113.46306,1000.0,3.9312901496887207,50.75203323364258,350000,151.932443857193,,69
85.31594,66.737236,149.79596,-6.6110344,1000.0,-57.95408,75.31444,44.122948,-157.65036,1000.0,0.16708405315876007,52.58034896850586,355000,154.08380699157715,,70
-57.830982,39.53047,-6.1789093,-102.17822,1000.0,-38.882866,58.945408,35.005516,-137.131,1000.0,1.652474045753479,53.0924186706543,360000,156.25032711029053,,71
-59.87144,40.711124,-15.409707,-113.779724,1000.0,-71.39393,148.87856,104.50638,-333.78082,1000.0,-4.08877420425415,76.95317077636719,365000,158.418603181839,,72
-61.07947,53.488583,-17.425299,-136.40681,1000.0,-71.36621,80.40911,35.686424,-188.28592,1000.0,-1.9273754358291626,54.06744384765625,370000,160.59140992164612,,73
-77.88268,76.73672,26.896717,-154.74161,1000.0,-128.81433,77.43936,-42.668343,-238.12991,1000.0,-7.28824520111084,49.5392951965332,375000,162.7643759250641,,74
-286.9975,127.60753,-126.62901,-438.8545,1000.0,-324.38434,135.87167,-123.35342,-531.6793,1000.0,-26.942611694335938,96.66362762451172,380000,164.94156217575073,,75
-258.2467,103.114105,-150.69319,-397.3051,1000.0,-234.43318,144.60342,32.350258,-362.79333,1000.0,-20.914344787597656,60.26089859008789,385000,167.10784029960632,,76
-286.12283,88.27409,-166.85663,-377.69574,1000.0,-204.28365,16.598833,-178.2988,-224.16122,1000.0,-13.584573745727539,31.999893188476562,390000,169.27912592887878,,77
-213.40901,89.76846,-113.310165,-331.0804,1000.0,-279.29712,116.20035,-93.837204,-423.08847,1000.0,-18.874343872070312,39.50674819946289,395000,171.4613106250763,,78
-264.56107,43.450634,-206.05511,-310.08447,1000.0,-275.02304,62.4648,-182.6311,-354.87448,1000.0,-12.292350769042969,33.108917236328125,400000,173.59935641288757,,79
-110.87716,140.15486,80.908165,-250.1158,1000.0,-143.55103,121.3015,23.35107,-264.52826,1000.0,2.3425958156585693,35.937255859375,405000,175.7703983783722,,80
-237.22961,72.91117,-134.40706,-295.32675,1000.0,-171.88472,103.58451,-13.622055,-298.3761,1000.0,1.5229246616363525,47.16267013549805,410000,177.92827486991882,,81
-420.8007,84.62182,-306.37088,-508.35767,1000.0,-229.03427,117.52029,-99.440704,-429.29816,1000.0,-0.9270874261856079,62.00719451904297,415000,180.0990469455719,,82
-181.57866,46.204224,-118.012245,-226.46643,1000.0,-185.73773,102.878555,-59.676292,-294.9,1000.0,6.774557590484619,48.27683639526367,420000,182.25857543945312,,83
-144.04382,69.377716,-77.45918,-239.74419,1000.0,-191.10635,80.00739,-85.91429,-310.69873,1000.0,7.823265552520752,38.9234504699707,425000,184.4161570072174,,84
-79.662895,49.888172,-33.412384,-148.92828,1000.0,-115.35117,39.75942,-72.966675,-176.59753,1000.0,18.41537094116211,48.362571716308594,430000,186.54220128059387,,85
-45.44383,91.584915,49.554684,-169.18715,1000.0,-81.08055,112.69949,72.02743,-197.79993,1000.0,23.41548728942871,66.98809814453125,435000,188.7107481956482,,86
-61.860706,68.95986,-10.377938,-159.3331,1000.0,-180.05121,75.62259,-77.39626,-261.47702,1000.0,7.2966837882995605,60.06512451171875,440000,190.89258313179016,,87
-208.56996,92.33725,-92.43941,-318.351,1000.0,-173.65063,128.59555,-13.5873575,-325.16635,1000.0,4.52321720123291,58.71940612792969,445000,193.06247210502625,,88
-114.1095,63.28474,-37.517822,-192.50177,1000.0,-202.91193,90.434654,-91.05103,-331.4818,1000.0,0.7013648152351379,37.64216613769531,450000,195.25034046173096,,89
-206.54683,119.10685,-60.642162,-352.39316,1000.0,-165.00174,87.696686,-80.63347,-309.7173,1000.0,4.7598724365234375,28.080181121826172,455000,197.4129433631897,,90
-162.4131,126.91976,-62.8449,-341.5323,1000.0,-186.90817,112.100746,-105.33187,-407.68466,1000.0,-0.2123558521270752,38.11683654785156,460000,199.5864064693451,,91
-100.6016,95.7918,24.678667,-207.8819,1000.0,-91.3748,21.718567,-69.28702,-121.38391,1000.0,8.526680946350098,23.330036163330078,465000,201.76435446739197,,92
-152.57524,29.524578,-115.5622,-187.81728,1000.0,-35.572464,138.0662,114.76468,-286.0208,1000.0,11.735262870788574,34.726036071777344,470000,203.9633092880249,,93
120.05198,18.2319,138.46571,95.21489,1000.0,-48.453064,109.01881,42.206356,-258.14618,1000.0,7.059937477111816,40.537113189697266,475000,206.1230227947235,,94
-87.12321,82.96695,19.03024,-183.48799,1000.0,29.930262,35.471497,79.0905,-16.405716,1000.0,10.041539192199707,34.35919952392578,480000,208.31180548667908,,95
-68.997284,186.43515,194.36026,-211.59387,1000.0,-90.98262,116.18284,50.82749,-197.31987,1000.0,-3.676729202270508,50.81761169433594,485000,210.45900011062622,,96
30.403666,156.94258,251.27492,-98.96286,1000.0,-163.48434,25.579828,-136.23004,-199.27885,1000.0,-11.918758392333984,34.63113021850586,490000,212.58923625946045,,97
36.648254,36.70847,83.63606,-5.960491,1000.0,-119.718094,69.74126,-43.0326,-247.5186,1000.0,-6.917228698730469,41.354156494140625,495000,214.7414629459381,,98
16.617544,149.4549,141.16489,-193.54501,1000.0,-6.939847,35.157265,41.304497,-46.721542,1000.0,4.420299530029297,25.397092819213867,500000,216.91822957992554,,99
