value/v_loss,value/v_mean,value/v_max,value/v_min,critic/q_loss,critic/q_mean,critic/q_max,critic/q_min,actor/actor_loss,actor/mse,step
0.0014990620547905564,0.08125121891498566,0.1989830583333969,-0.06563311070203781,1.4144437313079834,0.026693057268857956,0.21278125047683716,-0.1061081737279892,8.403114318847656,0.5031460523605347,0
0.02750249207019806,-36.33991241455078,0.15492023527622223,-38.35342025756836,0.3681153953075409,-36.94766616821289,-0.9190422296524048,-38.847450256347656,4.24965763092041,0.13652403652668,10000
0.12106461077928543,-54.31329345703125,0.046525269746780396,-59.79683303833008,2.6474008560180664,-54.83453369140625,-0.1257769912481308,-60.30305099487305,4.129250526428223,0.11493547260761261,20000
0.14040511846542358,-59.533119201660156,-0.5194978713989258,-72.06658172607422,0.7964863777160645,-59.904727935791016,-0.37114667892456055,-72.2901611328125,6.339601039886475,0.10774451494216919,30000
0.1270640790462494,-61.73537826538086,-0.29657334089279175,-77.34998321533203,0.8458120822906494,-62.32869338989258,-0.34917694330215454,-77.53643798828125,4.792346000671387,0.10678856819868088,40000
0.1451863944530487,-63.69721984863281,-0.25677114725112915,-78.94920349121094,0.6872261762619019,-64.24958801269531,-0.37807562947273254,-79.0845718383789,6.405735492706299,0.11796744912862778,50000
0.15662986040115356,-61.91008758544922,-0.5432804226875305,-79.40605163574219,2.388805389404297,-62.51990509033203,-0.5062919855117798,-79.49107360839844,5.551677703857422,0.11922654509544373,60000
0.38762545585632324,-61.13606262207031,-0.3963378667831421,-79.70436096191406,2.3164162635803223,-61.633460998535156,-0.11014130711555481,-79.73571014404297,6.064919471740723,0.1245107501745224,70000
0.17639285326004028,-60.417236328125,-0.5669476389884949,-79.97574615478516,1.1252139806747437,-60.89552307128906,-0.4242744445800781,-80.20750427246094,7.212634086608887,0.09743630886077881,80000
0.2844691872596741,-63.41254806518555,-0.7536847591400146,-80.7957534790039,1.1697571277618408,-63.82673263549805,-0.37142717838287354,-81.06383514404297,7.422156810760498,0.11009225249290466,90000
0.21719759702682495,-62.44280242919922,-0.29957833886146545,-81.89318084716797,0.8084235787391663,-62.58449935913086,-0.264459490776062,-81.75182342529297,10.479303359985352,0.11207272857427597,100000
0.19581162929534912,-61.66407775878906,-0.5397692322731018,-82.4650650024414,0.7223796844482422,-61.98210144042969,-0.4263765215873718,-82.53056335449219,7.730103969573975,0.10595797002315521,110000
0.27692458033561707,-64.33750915527344,-4.992183685302734,-83.02963256835938,1.2241841554641724,-65.02214813232422,-5.228446960449219,-83.2994155883789,4.55851411819458,0.10773446410894394,120000
0.16164541244506836,-63.279685974121094,-0.5171005725860596,-83.61497497558594,0.5020373463630676,-63.93305587768555,-0.6119094491004944,-83.89714050292969,4.568543434143066,0.09851273894309998,130000
0.22147178649902344,-63.77216339111328,-0.2593845725059509,-84.326171875,0.7472933530807495,-64.11499786376953,-0.2054387927055359,-84.22396850585938,5.809568405151367,0.10077136754989624,140000
0.09985616058111191,-64.63809204101562,-0.7615960240364075,-84.69168090820312,0.7425785660743713,-64.8626708984375,-0.35791802406311035,-84.70604705810547,6.472745895385742,0.10460121929645538,150000
0.2047191709280014,-65.46443176269531,-0.3073344826698303,-85.2855453491211,1.157456636428833,-65.92605590820312,-0.19692610204219818,-85.3848876953125,5.310870170593262,0.0973457545042038,160000
0.10370054841041565,-64.54512786865234,-0.4941243827342987,-85.75384521484375,0.5845519304275513,-64.72064208984375,-0.5057908296585083,-85.80693817138672,7.103846549987793,0.09913305938243866,170000
0.12475667893886566,-65.20094299316406,-0.48562121391296387,-86.23899841308594,0.8385354280471802,-65.60643005371094,-0.36369845271110535,-86.31710052490234,5.400571823120117,0.09766760468482971,180000
0.16577208042144775,-65.11954498291016,-1.8843480348587036,-86.68853759765625,0.5708418488502502,-65.40969848632812,-0.9366484880447388,-86.6214828491211,6.506279945373535,0.08098854124546051,190000
0.10897740721702576,-64.58926391601562,-0.5021053552627563,-87.04518127441406,0.5940614342689514,-64.74677276611328,-0.22166278958320618,-86.91194152832031,6.633908748626709,0.09614728391170502,200000
0.13779625296592712,-66.92518615722656,-0.5468431711196899,-87.1280288696289,0.8478275537490845,-67.40702819824219,-1.0204994678497314,-87.22315216064453,6.162615776062012,0.10734959691762924,210000
0.07504695653915405,-65.1144790649414,-0.35432493686676025,-87.74331665039062,1.7313717603683472,-65.26541900634766,-0.07731397449970245,-87.63868713378906,6.265131950378418,0.08976053446531296,220000
0.16012603044509888,-65.00732421875,-4.078733444213867,-88.0136489868164,5.92212438583374,-65.32891845703125,-5.2798943519592285,-88.12454986572266,5.988985061645508,0.08583346009254456,230000
0.32698729634284973,-66.3592529296875,-0.4008987545967102,-88.26667022705078,1.049078106880188,-66.73738861083984,0.06165407598018646,-88.42828369140625,5.726881980895996,0.09095919132232666,240000
0.19244621694087982,-67.4867172241211,-0.45934832096099854,-88.67577362060547,1.0224076509475708,-67.865966796875,-0.5879899263381958,-88.78852081298828,6.291947364807129,0.10358484089374542,250000
0.18428552150726318,-64.97406005859375,-0.630189061164856,-88.77913665771484,1.0629935264587402,-65.34807586669922,-0.17306089401245117,-88.98417663574219,8.013339042663574,0.08228372037410736,260000
0.19881229102611542,-67.03640747070312,-0.28681710362434387,-89.06623840332031,0.7940366268157959,-67.23544311523438,-0.13257268071174622,-89.10934448242188,6.550352096557617,0.10101434588432312,270000
0.09234417974948883,-66.92274475097656,-0.4951903223991394,-89.52835083007812,2.394590139389038,-67.06533813476562,-0.32789573073387146,-89.49198150634766,9.269513130187988,0.0870831310749054,280000
0.18281924724578857,-67.09721374511719,-0.6106303334236145,-89.80854034423828,0.48292940855026245,-67.39675903320312,-0.2757289409637451,-89.7650375366211,6.053040981292725,0.11080880463123322,290000
0.3316604495048523,-67.25684356689453,-0.22353202104568481,-89.90345764160156,1.8190399408340454,-67.4211654663086,-0.3403199315071106,-89.85772705078125,11.888130187988281,0.08405987173318863,300000
0.1479254812002182,-67.48998260498047,-0.329571008682251,-89.85597229003906,0.6973918676376343,-67.80641174316406,-0.11791616678237915,-89.99581146240234,6.364727020263672,0.08750169724225998,310000
0.13866084814071655,-66.55213928222656,-0.36492589116096497,-90.3754653930664,0.8037906885147095,-66.79157257080078,-0.6252615451812744,-90.26315307617188,6.890650749206543,0.09519068151712418,320000
0.16633941233158112,-68.19869995117188,-0.30202561616897583,-90.55836486816406,0.7353624105453491,-68.4899673461914,0.4510802626609802,-90.51280975341797,6.1990461349487305,0.08012549579143524,330000
0.1609821319580078,-65.16194152832031,-0.36233702301979065,-90.7354736328125,1.1929655075073242,-65.51449584960938,-0.1733120083808899,-90.82697296142578,5.909480094909668,0.09187710285186768,340000
0.08758687973022461,-67.8804931640625,-0.168401300907135,-90.80186462402344,0.4606667757034302,-68.25993347167969,-0.15475431084632874,-90.90432739257812,5.5248517990112305,0.08251491189002991,350000
0.24703672528266907,-66.98318481445312,-0.6279602646827698,-91.02519226074219,0.5654720664024353,-67.21127319335938,-0.11120495200157166,-91.03279113769531,6.7181549072265625,0.0912572592496872,360000
0.08747927844524384,-67.93733215332031,-0.554703950881958,-91.05133056640625,0.7099096775054932,-68.3660888671875,-1.3693110942840576,-91.25509643554688,5.963681221008301,0.09372628480195999,370000
0.21999475359916687,-68.70516204833984,-0.7852472066879272,-91.12015533447266,0.7495012283325195,-68.85107421875,-0.9814987778663635,-91.07173919677734,7.321191310882568,0.09162823855876923,380000
0.9712882041931152,-66.69891357421875,-0.15353292226791382,-91.26033020019531,0.8331418037414551,-66.892333984375,-0.1156444251537323,-91.28629302978516,6.04658317565918,0.10198889672756195,390000
0.24750566482543945,-66.87073516845703,-0.2642001211643219,-91.446533203125,0.6104492545127869,-67.13909149169922,0.048842743039131165,-91.46603393554688,6.698541641235352,0.08901385217905045,400000
0.2594030499458313,-67.480224609375,-0.36078131198883057,-91.5727767944336,1.2156310081481934,-67.78475952148438,0.16783024370670319,-91.62989044189453,6.762443542480469,0.08746257424354553,410000
0.19920137524604797,-66.76246643066406,-0.3227437734603882,-91.70915985107422,1.0607762336730957,-67.00834655761719,-0.06392186880111694,-91.72161102294922,8.453149795532227,0.08883500099182129,420000
0.12893085181713104,-66.41715240478516,-0.10422199964523315,-91.57752990722656,0.692772388458252,-66.70127868652344,-0.3076418340206146,-91.63346862792969,5.7909016609191895,0.08593297004699707,430000
0.4127843379974365,-67.6865234375,-0.40794023871421814,-91.65423583984375,5.853832721710205,-68.10889434814453,-0.0036294907331466675,-91.78475189208984,6.743535041809082,0.0919405072927475,440000
0.15592895448207855,-66.52640533447266,-0.15819504857063293,-91.82829284667969,0.7949023842811584,-66.77066040039062,-0.050713375210762024,-91.93586730957031,6.551529884338379,0.10592001676559448,450000
0.10971969366073608,-68.66371154785156,-0.36507275700569153,-91.96427917480469,0.6720826029777527,-68.9796142578125,0.20925690233707428,-92.13960266113281,5.843304634094238,0.09933844208717346,460000
0.11967973411083221,-68.85523986816406,-0.43329212069511414,-92.16251373291016,0.624632716178894,-69.04894256591797,0.21752890944480896,-92.14959716796875,6.340533256530762,0.08016437292098999,470000
0.18053466081619263,-66.7994384765625,-0.4675786793231964,-92.15792846679688,1.16080641746521,-67.14045715332031,-0.10236123204231262,-92.18184661865234,6.467079162597656,0.09200938791036606,480000
0.23249848186969757,-68.20655822753906,-0.6057324409484863,-91.94029235839844,0.6770978569984436,-68.496337890625,-0.5806397199630737,-91.93596649169922,6.8435187339782715,0.08792746067047119,490000
0.32225316762924194,-67.57015228271484,-0.27753904461860657,-92.10075378417969,1.121154546737671,-67.90784454345703,-0.2553609013557434,-92.13004302978516,6.549964904785156,0.08449726551771164,500000
0.1340710073709488,-67.38259887695312,-0.3922375440597534,-92.17869567871094,0.7548956871032715,-67.60270690917969,-0.12023869156837463,-92.20962524414062,9.029703140258789,0.08195696771144867,510000
0.270338237285614,-68.47909545898438,-0.44107145071029663,-92.29986572265625,0.6063133478164673,-68.85067749023438,-0.3848288655281067,-92.30570983886719,5.986859321594238,0.083727166056633,520000
0.5254782438278198,-70.12188720703125,-0.3345358669757843,-92.31488037109375,1.1482380628585815,-70.5434341430664,-0.36433401703834534,-92.51656341552734,4.776389122009277,0.09528811275959015,530000
0.19739623367786407,-67.536865234375,-0.4052833318710327,-92.37457275390625,0.6852117776870728,-67.82648468017578,-0.46470019221305847,-92.37907409667969,6.583917617797852,0.0818856954574585,540000
0.13720041513442993,-68.41021728515625,-0.2946939468383789,-92.5440902709961,0.6429406404495239,-68.70824432373047,0.0220964252948761,-92.50834655761719,6.188292980194092,0.09396793693304062,550000
0.05965341627597809,-68.67615509033203,-0.459298700094223,-92.45191955566406,0.32016104459762573,-68.95405578613281,-0.14909957349300385,-92.54853057861328,5.572068691253662,0.07564076036214828,560000
0.25334474444389343,-69.2884521484375,-0.49542057514190674,-92.51445770263672,1.122092366218567,-69.43527221679688,0.19570709764957428,-92.35448455810547,12.748830795288086,0.08459682017564774,570000
0.11644262075424194,-70.89067077636719,-0.19589141011238098,-92.58564758300781,0.6017881631851196,-70.93885040283203,-0.4050416648387909,-92.41990661621094,7.290170669555664,0.0802663043141365,580000
0.18645405769348145,-68.22116088867188,-0.42189615964889526,-92.57379913330078,0.6944348216056824,-68.55487060546875,0.1908888965845108,-92.61898803710938,6.364459991455078,0.08584260940551758,590000
0.9108127355575562,-68.0758056640625,-0.45675167441368103,-92.62977600097656,1.5546374320983887,-68.43230438232422,-0.3252461552619934,-92.814697265625,6.299395561218262,0.08714300394058228,600000
0.23286646604537964,-68.28468322753906,-0.4760136008262634,-92.6377944946289,1.0560121536254883,-68.34517669677734,0.7660748958587646,-92.6092300415039,7.319403648376465,0.08963389694690704,610000
0.12972432374954224,-69.18775939941406,-1.0738385915756226,-92.74827575683594,0.5475010275840759,-69.34848022460938,-0.7379676103591919,-92.71638488769531,6.333215236663818,0.08552917838096619,620000
0.19288644194602966,-66.48068237304688,-0.13692259788513184,-92.88134002685547,0.8091522455215454,-66.81759643554688,-0.3919793367385864,-92.85810852050781,6.642160415649414,0.1162387803196907,630000
0.3293988108634949,-66.75799560546875,-0.2272927463054657,-92.81544494628906,1.8216842412948608,-67.3355484008789,0.07606536149978638,-92.84063720703125,8.12579345703125,0.08278867602348328,640000
0.14230230450630188,-68.11096954345703,-0.2740592062473297,-92.99273681640625,0.49967461824417114,-68.46243286132812,-1.9150886535644531,-93.14801788330078,5.575135231018066,0.08660036325454712,650000
0.10946942865848541,-69.35327911376953,-0.29433515667915344,-93.03247833251953,0.5919660925865173,-69.48690795898438,-0.0062673985958099365,-93.38909912109375,6.662958145141602,0.0820881649851799,660000
0.12394601851701736,-68.9394302368164,-0.3994465470314026,-92.92749786376953,0.5188713073730469,-69.400146484375,-0.20965351164340973,-93.22554779052734,5.001981735229492,0.08208511769771576,670000
0.10252141952514648,-67.93252563476562,-0.3201652765274048,-92.98643493652344,0.7434659600257874,-68.2104721069336,-0.478877454996109,-92.97356414794922,5.803676605224609,0.08033446222543716,680000
0.10231499373912811,-69.70954895019531,-0.3761511743068695,-93.0255126953125,0.5180683135986328,-70.14373779296875,-0.4619285464286804,-93.17481231689453,5.027897834777832,0.0815761536359787,690000
0.26268506050109863,-66.16768646240234,0.753358781337738,-93.05619812011719,7.265209197998047,-66.60367584228516,0.10422234237194061,-93.25025939941406,5.475468158721924,0.0844835638999939,700000
0.11361129581928253,-67.8591537475586,-0.2547701597213745,-93.04714965820312,0.603384792804718,-68.01115417480469,0.08551709353923798,-92.99095916748047,6.444199085235596,0.08884265273809433,710000
0.3494529724121094,-67.17076110839844,-0.23101994395256042,-93.0195083618164,0.5931845903396606,-67.64137268066406,-0.020188361406326294,-93.06421661376953,5.476492881774902,0.08361008763313293,720000
0.4426012337207794,-70.32843017578125,-0.560988187789917,-93.15052032470703,1.2867732048034668,-70.55441284179688,-1.3210539817810059,-93.07654571533203,6.953203201293945,0.07999100536108017,730000
0.1484006941318512,-69.69969940185547,-0.35199299454689026,-93.00189971923828,0.5857095122337341,-70.1368637084961,-0.11527833342552185,-93.23141479492188,5.1232099533081055,0.07713832706212997,740000
0.18061184883117676,-68.12693786621094,-0.7278904318809509,-92.99151611328125,0.6717886924743652,-68.55378723144531,-0.07150089740753174,-93.24736785888672,5.574677467346191,0.08756167441606522,750000
0.19995911419391632,-68.12810516357422,-0.2754891812801361,-93.09622955322266,0.7898547649383545,-68.4112548828125,-0.3779011368751526,-93.13533782958984,6.028295993804932,0.08125384151935577,760000
0.1900213211774826,-66.57658386230469,-0.8298757076263428,-93.08133697509766,0.8347898721694946,-66.6736068725586,-0.2543165683746338,-93.07332611083984,8.230758666992188,0.08369499444961548,770000
0.16046667098999023,-68.42478942871094,-0.12234923243522644,-93.21256256103516,0.7075715065002441,-68.73643493652344,-0.2751820683479309,-93.25859832763672,5.866798400878906,0.08542892336845398,780000
0.35447120666503906,-65.9739990234375,-0.7017314434051514,-92.90032196044922,0.7644264698028564,-66.4107437133789,-0.4641067087650299,-93.0344009399414,5.429277420043945,0.07169404625892639,790000
0.2029690146446228,-68.2098388671875,-0.29926782846450806,-93.1380615234375,0.706579327583313,-68.53182983398438,-0.32746103405952454,-93.22576904296875,5.864256858825684,0.09087018668651581,800000
0.4688282310962677,-67.5650405883789,-0.4458813965320587,-93.2752685546875,1.4774925708770752,-67.81495666503906,-0.02532239258289337,-93.30315399169922,5.981968879699707,0.07590925693511963,810000
0.112343929708004,-69.44419860839844,0.07831835746765137,-93.35124206542969,0.54673832654953,-69.68843841552734,-0.12775611877441406,-93.40065002441406,6.164813041687012,0.08986794948577881,820000
0.4850704073905945,-69.60504913330078,-0.4762847423553467,-93.36167907714844,0.6397562026977539,-69.77842712402344,-0.14527416229248047,-93.38519287109375,9.610865592956543,0.08197194337844849,830000
0.1918395757675171,-70.76882934570312,-0.6688076257705688,-93.66361999511719,1.3946901559829712,-71.05511474609375,-0.30248671770095825,-93.67658233642578,6.016095161437988,0.08270145952701569,840000
0.10628888010978699,-68.3162841796875,-0.2756172716617584,-93.41143798828125,0.4289587736129761,-68.67533874511719,-0.25448715686798096,-93.67460632324219,5.097589492797852,0.08032658696174622,850000
0.5249226689338684,-68.5498046875,-0.5153993368148804,-93.55705261230469,0.9824244976043701,-68.89881896972656,-0.2084628939628601,-93.59789276123047,5.6658549308776855,0.08994600176811218,860000
0.23690985143184662,-68.4093017578125,-0.4570746421813965,-93.59851837158203,1.6526169776916504,-68.97528839111328,-0.4356966018676758,-93.76528930664062,5.241366863250732,0.09120399504899979,870000
0.23627015948295593,-67.56451416015625,-0.20394682884216309,-93.74620819091797,0.6441423296928406,-67.88368225097656,-0.20642505586147308,-93.77914428710938,6.562899589538574,0.08675826340913773,880000
0.2449318766593933,-68.01962280273438,-0.4301604628562927,-93.70005798339844,0.6927840709686279,-68.44963073730469,-0.145254448056221,-93.79995727539062,6.00234317779541,0.08634960651397705,890000
0.5931862592697144,-69.56817626953125,-0.3778976798057556,-93.74313354492188,1.0056374073028564,-69.77173614501953,-0.4293577969074249,-93.84416961669922,9.530884742736816,0.08894746005535126,900000
0.12997478246688843,-67.92604064941406,-0.1974726915359497,-93.34552764892578,0.768227219581604,-68.27157592773438,-0.27717506885528564,-93.45259094238281,5.9593610763549805,0.08572564274072647,910000
0.09010247141122818,-69.33836364746094,-0.4324372410774231,-93.48882293701172,0.4972468614578247,-69.56867218017578,-0.16500060260295868,-93.59864044189453,5.905238151550293,0.09103400260210037,920000
0.12407302111387253,-70.32571411132812,-0.2974526286125183,-93.91993713378906,1.3362023830413818,-70.34889221191406,0.10869161784648895,-93.80343627929688,7.551354885101318,0.08182618021965027,930000
0.09038074314594269,-67.39519500732422,-0.31022581458091736,-94.02360534667969,0.5195420384407043,-67.80865478515625,-0.05520947277545929,-94.26295471191406,5.195670127868652,0.07262858003377914,940000
0.09928345680236816,-67.56449890136719,-0.23997443914413452,-93.87490844726562,0.5297487378120422,-67.89118957519531,-0.1619262397289276,-94.05170440673828,5.505743503570557,0.0899978056550026,950000
0.12022237479686737,-69.92701721191406,-0.31572890281677246,-94.30379486083984,0.5477180480957031,-70.37483215332031,-0.6725115776062012,-94.27581024169922,5.096277713775635,0.08131791651248932,960000
0.4520590901374817,-67.13084411621094,-1.3158143758773804,-93.92597198486328,7.365335941314697,-67.0367431640625,-0.5982617735862732,-93.97900390625,10.401301383972168,0.0796506330370903,970000
0.11918038129806519,-69.7112045288086,-0.2057558000087738,-94.26854705810547,0.7011220455169678,-69.92610168457031,-0.42337295413017273,-94.26817321777344,5.971854209899902,0.07899405807256699,980000
0.29792970418930054,-66.47411346435547,-0.2681071162223816,-94.0133056640625,2.9323041439056396,-66.74862670898438,0.09001371264457703,-94.28329467773438,6.753060817718506,0.07261839509010315,990000
4.633274555206299,-69.56660461425781,-0.48572665452957153,-94.30793762207031,1.652165174484253,-69.71875762939453,-0.2858913540840149,-94.19218444824219,6.748303413391113,0.0909707322716713,1000000
