Eval_AverageReturn,Eval_StdReturn,Eval_MaxReturn,Eval_MinReturn,Eval_AverageEpLen,step,Train_EpisodeReturn,Train_EpisodeLen,actor_loss,entropy,critic_loss,q_values,target_values,actor_lr,critic_lr,temperature
6.8,4.0199504,15.0,3.0,6.8,0,,,,,,,,,,
,,,,,3,4.0,4,,,,,,,,
,,,,,7,4.0,4,,,,,,,,
,,,,,10,3.0,3,,,,,,,,
,,,,,14,4.0,4,,,,,,,,
,,,,,17,3.0,3,,,,,,,,
,,,,,23,6.0,6,,,,,,,,
,,,,,27,4.0,4,,,,,,,,
,,,,,31,4.0,4,,,,,,,,
,,,,,39,8.0,8,,,,,,,,
,,,,,42,3.0,3,,,,,,,,
,,,,,57,15.0,15,,,,,,,,
,,,,,62,5.0,5,,,,,,,,
,,,,,71,9.0,9,,,,,,,,
,,,,,80,9.0,9,,,,,,,,
,,,,,84,4.0,4,,,,,,,,
,,,,,96,12.0,12,,,,,,,,
,,,,,99,3.0,3,,,,,,,,
,,,,,107,8.0,8,,,,,,,,
,,,,,115,8.0,8,,,,,,,,
,,,,,120,5.0,5,,,,,,,,
,,,,,124,4.0,4,,,,,,,,
,,,,,128,4.0,4,,,,,,,,
,,,,,131,3.0,3,,,,,,,,
,,,,,140,9.0,9,,,,,,,,
,,,,,145,5.0,5,,,,,,,,
,,,,,152,7.0,7,,,,,,,,
,,,,,156,4.0,4,,,,,,,,
,,,,,160,4.0,4,,,,,,,,
,,,,,164,4.0,4,,,,,,,,
,,,,,170,6.0,6,,,,,,,,
,,,,,173,3.0,3,,,,,,,,
,,,,,180,7.0,7,,,,,,,,
,,,,,183,3.0,3,,,,,,,,
,,,,,188,5.0,5,,,,,,,,
,,,,,192,4.0,4,,,,,,,,
,,,,,196,4.0,4,,,,,,,,
,,,,,204,8.0,8,,,,,,,,
,,,,,212,8.0,8,,,,,,,,
,,,,,216,4.0,4,,,,,,,,
,,,,,222,6.0,6,,,,,,,,
,,,,,230,8.0,8,,,,,,,,
,,,,,233,3.0,3,,,,,,,,
,,,,,240,7.0,7,,,,,,,,
,,,,,244,4.0,4,,,,,,,,
,,,,,248,4.0,4,,,,,,,,
,,,,,258,10.0,10,,,,,,,,
,,,,,261,3.0,3,,,,,,,,
,,,,,275,14.0,14,,,,,,,,
,,,,,279,4.0,4,,,,,,,,
,,,,,283,4.0,4,,,,,,,,
,,,,,286,3.0,3,,,,,,,,
,,,,,289,3.0,3,,,,,,,,
,,,,,297,8.0,8,,,,,,,,
,,,,,306,9.0,9,,,,,,,,
,,,,,310,4.0,4,,,,,,,,
,,,,,314,4.0,4,,,,,,,,
,,,,,317,3.0,3,,,,,,,,
,,,,,324,7.0,7,,,,,,,,
,,,,,330,6.0,6,,,,,,,,
,,,,,336,6.0,6,,,,,,,,
,,,,,341,5.0,5,,,,,,,,
,,,,,348,7.0,7,,,,,,,,
,,,,,353,5.0,5,,,,,,,,
,,,,,356,3.0,3,,,,,,,,
,,,,,359,3.0,3,,,,,,,,
,,,,,364,5.0,5,,,,,,,,
,,,,,367,3.0,3,,,,,,,,
,,,,,370,3.0,3,,,,,,,,
,,,,,376,6.0,6,,,,,,,,
,,,,,387,11.0,11,,,,,,,,
,,,,,392,5.0,5,,,,,,,,
,,,,,395,3.0,3,,,,,,,,
,,,,,400,5.0,5,,,,,,,,
,,,,,406,6.0,6,,,,,,,,
,,,,,409,3.0,3,,,,,,,,
,,,,,414,5.0,5,,,,,,,,
,,,,,432,18.0,18,,,,,,,,
,,,,,438,6.0,6,,,,,,,,
,,,,,443,5.0,5,,,,,,,,
,,,,,453,10.0,10,,,,,,,,
,,,,,456,3.0,3,,,,,,,,
,,,,,459,3.0,3,,,,,,,,
,,,,,462,3.0,3,,,,,,,,
,,,,,465,3.0,3,,,,,,,,
,,,,,471,6.0,6,,,,,,,,
,,,,,475,4.0,4,,,,,,,,
,,,,,480,5.0,5,,,,,,,,
,,,,,494,14.0,14,,,,,,,,
,,,,,498,4.0,4,,,,,,,,
,,,,,501,3.0,3,,,,,,,,
,,,,,507,6.0,6,,,,,,,,
,,,,,511,4.0,4,,,,,,,,
,,,,,517,6.0,6,,,,,,,,
,,,,,523,6.0,6,,,,,,,,
,,,,,526,3.0,3,,,,,,,,
,,,,,529,3.0,3,,,,,,,,
,,,,,538,9.0,9,,,,,,,,
,,,,,552,14.0,14,,,,,,,,
,,,,,556,4.0,4,,,,,,,,
,,,,,560,4.0,4,,,,,,,,
,,,,,563,3.0,3,,,,,,,,
,,,,,566,3.0,3,,,,,,,,
,,,,,573,7.0,7,,,,,,,,
,,,,,579,6.0,6,,,,,,,,
,,,,,583,4.0,4,,,,,,,,
,,,,,586,3.0,3,,,,,,,,
,,,,,593,7.0,7,,,,,,,,
,,,,,596,3.0,3,,,,,,,,
,,,,,602,6.0,6,,,,,,,,
,,,,,608,6.0,6,,,,,,,,
,,,,,612,4.0,4,,,,,,,,
,,,,,615,3.0,3,,,,,,,,
,,,,,618,3.0,3,,,,,,,,
,,,,,623,5.0,5,,,,,,,,
,,,,,626,3.0,3,,,,,,,,
,,,,,634,8.0,8,,,,,,,,
,,,,,640,6.0,6,,,,,,,,
,,,,,647,7.0,7,,,,,,,,
,,,,,653,6.0,6,,,,,,,,
,,,,,657,4.0,4,,,,,,,,
,,,,,665,8.0,8,,,,,,,,
,,,,,677,12.0,12,,,,,,,,
,,,,,682,5.0,5,,,,,,,,
,,,,,689,7.0,7,,,,,,,,
,,,,,698,9.0,9,,,,,,,,
,,,,,701,3.0,3,,,,,,,,
,,,,,704,3.0,3,,,,,,,,
,,,,,709,5.0,5,,,,,,,,
,,,,,717,8.0,8,,,,,,,,
,,,,,735,18.0,18,,,,,,,,
,,,,,753,18.0,18,,,,,,,,
,,,,,756,3.0,3,,,,,,,,
,,,,,762,6.0,6,,,,,,,,
,,,,,767,5.0,5,,,,,,,,
,,,,,771,4.0,4,,,,,,,,
,,,,,776,5.0,5,,,,,,,,
,,,,,780,4.0,4,,,,,,,,
,,,,,786,6.0,6,,,,,,,,
,,,,,793,7.0,7,,,,,,,,
,,,,,797,4.0,4,,,,,,,,
,,,,,802,5.0,5,,,,,,,,
,,,,,805,3.0,3,,,,,,,,
,,,,,811,6.0,6,,,,,,,,
,,,,,814,3.0,3,,,,,,,,
,,,,,817,3.0,3,,,,,,,,
,,,,,821,4.0,4,,,,,,,,
,,,,,824,3.0,3,,,,,,,,
,,,,,828,4.0,4,,,,,,,,
,,,,,838,10.0,10,,,,,,,,
,,,,,845,7.0,7,,,,,,,,
,,,,,850,5.0,5,,,,,,,,
,,,,,855,5.0,5,,,,,,,,
,,,,,858,3.0,3,,,,,,,,
,,,,,861,3.0,3,,,,,,,,
,,,,,865,4.0,4,,,,,,,,
,,,,,872,7.0,7,,,,,,,,
,,,,,876,4.0,4,,,,,,,,
,,,,,879,3.0,3,,,,,,,,
,,,,,882,3.0,3,,,,,,,,
,,,,,887,5.0,5,,,,,,,,
,,,,,891,4.0,4,,,,,,,,
,,,,,894,3.0,3,,,,,,,,
,,,,,904,10.0,10,,,,,,,,
,,,,,910,6.0,6,,,,,,,,
,,,,,916,6.0,6,,,,,,,,
,,,,,923,7.0,7,,,,,,,,
,,,,,927,4.0,4,,,,,,,,
,,,,,933,6.0,6,,,,,,,,
,,,,,938,5.0,5,,,,,,,,
,,,,,942,4.0,4,,,,,,,,
,,,,,946,4.0,4,,,,,,,,
,,,,,949,3.0,3,,,,,,,,
,,,,,953,4.0,4,,,,,,,,
,,,,,958,5.0,5,,,,,,,,
,,,,,965,7.0,7,,,,,,,,
,,,,,975,10.0,10,,,,,,,,
,,,,,983,8.0,8,,,,,,,,
,,,,,991,8.0,8,,,,,,,,
,,,,,994,3.0,3,,,,,,,,
,,,,,1004,10.0,10,,,,,,,,
,,,,,1010,6.0,6,,,,,,,,
,,,,,1013,3.0,3,,,,,,,,
,,,,,1025,12.0,12,,,,,,,,
,,,,,1030,5.0,5,,,,,,,,
,,,,,1035,5.0,5,,,,,,,,
,,,,,1038,3.0,3,,,,,,,,
,,,,,1042,4.0,4,,,,,,,,
,,,,,1045,3.0,3,,,,,,,,
,,,,,1061,16.0,16,,,,,,,,
,,,,,1076,15.0,15,,,,,,,,
,,,,,1083,7.0,7,,,,,,,,
,,,,,1087,4.0,4,,,,,,,,
,,,,,1090,3.0,3,,,,,,,,
,,,,,1093,3.0,3,,,,,,,,
,,,,,1105,12.0,12,,,,,,,,
,,,,,1130,25.0,25,,,,,,,,
,,,,,1134,4.0,4,,,,,,,,
,,,,,1138,4.0,4,,,,,,,,
,,,,,1149,11.0,11,,,,,,,,
,,,,,1152,3.0,3,,,,,,,,
,,,,,1155,3.0,3,,,,,,,,
,,,,,1158,3.0,3,,,,,,,,
,,,,,1165,7.0,7,,,,,,,,
,,,,,1168,3.0,3,,,,,,,,
,,,,,1171,3.0,3,,,,,,,,
,,,,,1175,4.0,4,,,,,,,,
,,,,,1180,5.0,5,,,,,,,,
,,,,,1183,3.0,3,,,,,,,,
,,,,,1186,3.0,3,,,,,,,,
,,,,,1190,4.0,4,,,,,,,,
,,,,,1199,9.0,9,,,,,,,,
,,,,,1208,9.0,9,,,,,,,,
,,,,,1218,10.0,10,,,,,,,,
,,,,,1229,11.0,11,,,,,,,,
,,,,,1243,14.0,14,,,,,,,,
,,,,,1259,16.0,16,,,,,,,,
,,,,,1269,10.0,10,,,,,,,,
,,,,,1274,5.0,5,,,,,,,,
,,,,,1279,5.0,5,,,,,,,,
,,,,,1292,13.0,13,,,,,,,,
,,,,,1298,6.0,6,,,,,,,,
,,,,,1304,6.0,6,,,,,,,,
,,,,,1307,3.0,3,,,,,,,,
,,,,,1322,15.0,15,,,,,,,,
,,,,,1335,13.0,13,,,,,,,,
,,,,,1338,3.0,3,,,,,,,,
,,,,,1343,5.0,5,,,,,,,,
,,,,,1351,8.0,8,,,,,,,,
,,,,,1358,7.0,7,,,,,,,,
,,,,,1369,11.0,11,,,,,,,,
,,,,,1372,3.0,3,,,,,,,,
,,,,,1377,5.0,5,,,,,,,,
,,,,,1386,9.0,9,,,,,,,,
,,,,,1404,18.0,18,,,,,,,,
,,,,,1417,13.0,13,,,,,,,,
,,,,,1423,6.0,6,,,,,,,,
,,,,,1431,8.0,8,,,,,,,,
,,,,,1434,3.0,3,,,,,,,,
,,,,,1440,6.0,6,,,,,,,,
,,,,,1444,4.0,4,,,,,,,,
,,,,,1451,7.0,7,,,,,,,,
,,,,,1456,5.0,5,,,,,,,,
,,,,,1460,4.0,4,,,,,,,,
,,,,,1467,7.0,7,,,,,,,,
,,,,,1470,3.0,3,,,,,,,,
,,,,,1476,6.0,6,,,,,,,,
,,,,,1479,3.0,3,,,,,,,,
,,,,,1485,6.0,6,,,,,,,,
,,,,,1490,5.0,5,,,,,,,,
,,,,,1494,4.0,4,,,,,,,,
,,,,,1514,20.0,20,,,,,,,,
,,,,,1522,8.0,8,,,,,,,,
,,,,,1527,5.0,5,,,,,,,,
,,,,,1538,11.0,11,,,,,,,,
,,,,,1544,6.0,6,,,,,,,,
,,,,,1550,6.0,6,,,,,,,,
,,,,,1557,7.0,7,,,,,,,,
,,,,,1560,3.0,3,,,,,,,,
,,,,,1572,12.0,12,,,,,,,,
,,,,,1575,3.0,3,,,,,,,,
,,,,,1580,5.0,5,,,,,,,,
,,,,,1585,5.0,5,,,,,,,,
,,,,,1589,4.0,4,,,,,,,,
,,,,,1596,7.0,7,,,,,,,,
,,,,,1601,5.0,5,,,,,,,,
,,,,,1605,4.0,4,,,,,,,,
,,,,,1608,3.0,3,,,,,,,,
,,,,,1614,6.0,6,,,,,,,,
,,,,,1619,5.0,5,,,,,,,,
,,,,,1624,5.0,5,,,,,,,,
,,,,,1636,12.0,12,,,,,,,,
,,,,,1644,8.0,8,,,,,,,,
,,,,,1649,5.0,5,,,,,,,,
,,,,,1652,3.0,3,,,,,,,,
,,,,,1655,3.0,3,,,,,,,,
,,,,,1660,5.0,5,,,,,,,,
,,,,,1663,3.0,3,,,,,,,,
,,,,,1668,5.0,5,,,,,,,,
,,,,,1673,5.0,5,,,,,,,,
,,,,,1684,11.0,11,,,,,,,,
,,,,,1690,6.0,6,,,,,,,,
,,,,,1698,8.0,8,,,,,,,,
,,,,,1703,5.0,5,,,,,,,,
,,,,,1708,5.0,5,,,,,,,,
,,,,,1717,9.0,9,,,,,,,,
,,,,,1722,5.0,5,,,,,,,,
,,,,,1730,8.0,8,,,,,,,,
,,,,,1742,12.0,12,,,,,,,,
,,,,,1756,14.0,14,,,,,,,,
,,,,,1762,6.0,6,,,,,,,,
,,,,,1766,4.0,4,,,,,,,,
,,,,,1771,5.0,5,,,,,,,,
,,,,,1774,3.0,3,,,,,,,,
,,,,,1779,5.0,5,,,,,,,,
,,,,,1800,21.0,21,,,,,,,,
,,,,,1803,3.0,3,,,,,,,,
,,,,,1807,4.0,4,,,,,,,,
,,,,,1811,4.0,4,,,,,,,,
,,,,,1819,8.0,8,,,,,,,,
,,,,,1823,4.0,4,,,,,,,,
,,,,,1826,3.0,3,,,,,,,,
,,,,,1833,7.0,7,,,,,,,,
,,,,,1838,5.0,5,,,,,,,,
,,,,,1847,9.0,9,,,,,,,,
,,,,,1858,11.0,11,,,,,,,,
,,,,,1861,3.0,3,,,,,,,,
,,,,,1867,6.0,6,,,,,,,,
,,,,,1875,8.0,8,,,,,,,,
,,,,,1890,15.0,15,,,,,,,,
,,,,,1895,5.0,5,,,,,,,,
,,,,,1907,12.0,12,,,,,,,,
,,,,,1910,3.0,3,,,,,,,,
,,,,,1914,4.0,4,,,,,,,,
,,,,,1925,11.0,11,,,,,,,,
,,,,,1933,8.0,8,,,,,,,,
,,,,,1937,4.0,4,,,,,,,,
,,,,,1940,3.0,3,,,,,,,,
,,,,,1949,9.0,9,,,,,,,,
,,,,,1957,8.0,8,,,,,,,,
,,,,,1962,5.0,5,,,,,,,,
,,,,,1973,11.0,11,,,,,,,,
,,,,,1994,21.0,21,,,,,,,,
,,,,,1999,5.0,5,,,,,,,,
,,,,,2004,5.0,5,,,,,,,,
,,,,,2012,8.0,8,,,,,,,,
,,,,,2019,7.0,7,,,,,,,,
,,,,,2026,7.0,7,,,,,,,,
,,,,,2035,9.0,9,,,,,,,,
,,,,,2040,5.0,5,,,,,,,,
,,,,,2054,14.0,14,,,,,,,,
,,,,,2059,5.0,5,,,,,,,,
,,,,,2065,6.0,6,,,,,,,,
,,,,,2074,9.0,9,,,,,,,,
,,,,,2079,5.0,5,,,,,,,,
,,,,,2093,14.0,14,,,,,,,,
,,,,,2099,6.0,6,,,,,,,,
,,,,,2104,5.0,5,,,,,,,,
,,,,,2115,11.0,11,,,,,,,,
,,,,,2129,14.0,14,,,,,,,,
,,,,,2136,7.0,7,,,,,,,,
,,,,,2153,17.0,17,,,,,,,,
,,,,,2157,4.0,4,,,,,,,,
,,,,,2161,4.0,4,,,,,,,,
,,,,,2173,12.0,12,,,,,,,,
,,,,,2181,8.0,8,,,,,,,,
,,,,,2184,3.0,3,,,,,,,,
,,,,,2193,9.0,9,,,,,,,,
,,,,,2202,9.0,9,,,,,,,,
,,,,,2210,8.0,8,,,,,,,,
,,,,,2223,13.0,13,,,,,,,,
,,,,,2226,3.0,3,,,,,,,,
,,,,,2235,9.0,9,,,,,,,,
,,,,,2255,20.0,20,,,,,,,,
,,,,,2259,4.0,4,,,,,,,,
,,,,,2266,7.0,7,,,,,,,,
,,,,,2270,4.0,4,,,,,,,,
,,,,,2287,17.0,17,,,,,,,,
,,,,,2292,5.0,5,,,,,,,,
,,,,,2295,3.0,3,,,,,,,,
,,,,,2298,3.0,3,,,,,,,,
,,,,,2303,5.0,5,,,,,,,,
,,,,,2308,5.0,5,,,,,,,,
,,,,,2312,4.0,4,,,,,,,,
,,,,,2322,10.0,10,,,,,,,,
,,,,,2330,8.0,8,,,,,,,,
,,,,,2341,11.0,11,,,,,,,,
,,,,,2352,11.0,11,,,,,,,,
,,,,,2357,5.0,5,,,,,,,,
,,,,,2361,4.0,4,,,,,,,,
,,,,,2365,4.0,4,,,,,,,,
,,,,,2369,4.0,4,,,,,,,,
,,,,,2373,4.0,4,,,,,,,,
,,,,,2376,3.0,3,,,,,,,,
,,,,,2381,5.0,5,,,,,,,,
,,,,,2389,8.0,8,,,,,,,,
,,,,,2401,12.0,12,,,,,,,,
,,,,,2407,6.0,6,,,,,,,,
,,,,,2414,7.0,7,,,,,,,,
,,,,,2420,6.0,6,,,,,,,,
,,,,,2424,4.0,4,,,,,,,,
,,,,,2431,7.0,7,,,,,,,,
,,,,,2435,4.0,4,,,,,,,,
,,,,,2441,6.0,6,,,,,,,,
,,,,,2444,3.0,3,,,,,,,,
,,,,,2457,13.0,13,,,,,,,,
,,,,,2467,10.0,10,,,,,,,,
,,,,,2471,4.0,4,,,,,,,,
,,,,,2477,6.0,6,,,,,,,,
,,,,,2486,9.0,9,,,,,,,,
,,,,,2489,3.0,3,,,,,,,,
,,,,,2498,9.0,9,,,,,,,,
,,,,,2506,8.0,8,,,,,,,,
,,,,,2512,6.0,6,,,,,,,,
,,,,,2522,10.0,10,,,,,,,,
,,,,,2530,8.0,8,,,,,,,,
,,,,,2538,8.0,8,,,,,,,,
,,,,,2549,11.0,11,,,,,,,,
,,,,,2560,11.0,11,,,,,,,,
,,,,,2563,3.0,3,,,,,,,,
,,,,,2575,12.0,12,,,,,,,,
,,,,,2583,8.0,8,,,,,,,,
,,,,,2587,4.0,4,,,,,,,,
,,,,,2592,5.0,5,,,,,,,,
,,,,,2598,6.0,6,,,,,,,,
,,,,,2602,4.0,4,,,,,,,,
,,,,,2612,10.0,10,,,,,,,,
,,,,,2617,5.0,5,,,,,,,,
,,,,,2626,9.0,9,,,,,,,,
,,,,,2632,6.0,6,,,,,,,,
,,,,,2637,5.0,5,,,,,,,,
,,,,,2641,4.0,4,,,,,,,,
,,,,,2645,4.0,4,,,,,,,,
,,,,,2658,13.0,13,,,,,,,,
,,,,,2664,6.0,6,,,,,,,,
,,,,,2667,3.0,3,,,,,,,,
,,,,,2671,4.0,4,,,,,,,,
,,,,,2678,7.0,7,,,,,,,,
,,,,,2682,4.0,4,,,,,,,,
,,,,,2686,4.0,4,,,,,,,,
,,,,,2694,8.0,8,,,,,,,,
,,,,,2701,7.0,7,,,,,,,,
,,,,,2705,4.0,4,,,,,,,,
,,,,,2709,4.0,4,,,,,,,,
,,,,,2712,3.0,3,,,,,,,,
,,,,,2719,7.0,7,,,,,,,,
,,,,,2722,3.0,3,,,,,,,,
,,,,,2727,5.0,5,,,,,,,,
,,,,,2733,6.0,6,,,,,,,,
,,,,,2738,5.0,5,,,,,,,,
,,,,,2741,3.0,3,,,,,,,,
,,,,,2749,8.0,8,,,,,,,,
,,,,,2766,17.0,17,,,,,,,,
,,,,,2775,9.0,9,,,,,,,,
,,,,,2781,6.0,6,,,,,,,,
,,,,,2785,4.0,4,,,,,,,,
,,,,,2792,7.0,7,,,,,,,,
,,,,,2796,4.0,4,,,,,,,,
,,,,,2802,6.0,6,,,,,,,,
,,,,,2807,5.0,5,,,,,,,,
,,,,,2832,25.0,25,,,,,,,,
,,,,,2837,5.0,5,,,,,,,,
,,,,,2841,4.0,4,,,,,,,,
,,,,,2845,4.0,4,,,,,,,,
,,,,,2852,7.0,7,,,,,,,,
,,,,,2866,14.0,14,,,,,,,,
,,,,,2877,11.0,11,,,,,,,,
,,,,,2882,5.0,5,,,,,,,,
,,,,,2887,5.0,5,,,,,,,,
,,,,,2895,8.0,8,,,,,,,,
,,,,,2910,15.0,15,,,,,,,,
,,,,,2926,16.0,16,,,,,,,,
,,,,,2929,3.0,3,,,,,,,,
,,,,,2936,7.0,7,,,,,,,,
,,,,,2942,6.0,6,,,,,,,,
,,,,,2951,9.0,9,,,,,,,,
,,,,,2955,4.0,4,,,,,,,,
,,,,,2958,3.0,3,,,,,,,,
,,,,,2964,6.0,6,,,,,,,,
,,,,,2976,12.0,12,,,,,,,,
,,,,,2984,8.0,8,,,,,,,,
,,,,,2988,4.0,4,,,,,,,,
,,,,,2995,7.0,7,,,,,,,,
,,,,,3001,6.0,6,,,,,,,,
,,,,,3008,7.0,7,,,,,,,,
,,,,,3016,8.0,8,,,,,,,,
,,,,,3020,4.0,4,,,,,,,,
,,,,,3041,21.0,21,,,,,,,,
,,,,,3049,8.0,8,,,,,,,,
,,,,,3057,8.0,8,,,,,,,,
,,,,,3062,5.0,5,,,,,,,,
,,,,,3071,9.0,9,,,,,,,,
,,,,,3075,4.0,4,,,,,,,,
,,,,,3080,5.0,5,,,,,,,,
,,,,,3089,9.0,9,,,,,,,,
,,,,,3098,9.0,9,,,,,,,,
,,,,,3101,3.0,3,,,,,,,,
,,,,,3104,3.0,3,,,,,,,,
,,,,,3111,7.0,7,,,,,,,,
,,,,,3117,6.0,6,,,,,,,,
,,,,,3123,6.0,6,,,,,,,,
,,,,,3126,3.0,3,,,,,,,,
,,,,,3130,4.0,4,,,,,,,,
,,,,,3133,3.0,3,,,,,,,,
,,,,,3137,4.0,4,,,,,,,,
,,,,,3140,3.0,3,,,,,,,,
,,,,,3144,4.0,4,,,,,,,,
,,,,,3148,4.0,4,,,,,,,,
,,,,,3157,9.0,9,,,,,,,,
,,,,,3162,5.0,5,,,,,,,,
,,,,,3165,3.0,3,,,,,,,,
,,,,,3170,5.0,5,,,,,,,,
,,,,,3174,4.0,4,,,,,,,,
,,,,,3185,11.0,11,,,,,,,,
,,,,,3210,25.0,25,,,,,,,,
,,,,,3214,4.0,4,,,,,,,,
,,,,,3218,4.0,4,,,,,,,,
,,,,,3227,9.0,9,,,,,,,,
,,,,,3233,6.0,6,,,,,,,,
,,,,,3239,6.0,6,,,,,,,,
,,,,,3242,3.0,3,,,,,,,,
,,,,,3246,4.0,4,,,,,,,,
,,,,,3251,5.0,5,,,,,,,,
,,,,,3256,5.0,5,,,,,,,,
,,,,,3259,3.0,3,,,,,,,,
,,,,,3268,9.0,9,,,,,,,,
,,,,,3281,13.0,13,,,,,,,,
,,,,,3287,6.0,6,,,,,,,,
,,,,,3293,6.0,6,,,,,,,,
,,,,,3309,16.0,16,,,,,,,,
,,,,,3312,3.0,3,,,,,,,,
,,,,,3315,3.0,3,,,,,,,,
,,,,,3321,6.0,6,,,,,,,,
,,,,,3325,4.0,4,,,,,,,,
,,,,,3338,13.0,13,,,,,,,,
,,,,,3346,8.0,8,,,,,,,,
,,,,,3352,6.0,6,,,,,,,,
,,,,,3355,3.0,3,,,,,,,,
,,,,,3365,10.0,10,,,,,,,,
,,,,,3373,8.0,8,,,,,,,,
,,,,,3380,7.0,7,,,,,,,,
,,,,,3384,4.0,4,,,,,,,,
,,,,,3388,4.0,4,,,,,,,,
,,,,,3391,3.0,3,,,,,,,,
,,,,,3403,12.0,12,,,,,,,,
,,,,,3409,6.0,6,,,,,,,,
,,,,,3427,18.0,18,,,,,,,,
,,,,,3442,15.0,15,,,,,,,,
,,,,,3449,7.0,7,,,,,,,,
,,,,,3455,6.0,6,,,,,,,,
,,,,,3460,5.0,5,,,,,,,,
,,,,,3480,20.0,20,,,,,,,,
,,,,,3487,7.0,7,,,,,,,,
,,,,,3493,6.0,6,,,,,,,,
,,,,,3504,11.0,11,,,,,,,,
,,,,,3511,7.0,7,,,,,,,,
,,,,,3516,5.0,5,,,,,,,,
,,,,,3532,16.0,16,,,,,,,,
,,,,,3535,3.0,3,,,,,,,,
,,,,,3538,3.0,3,,,,,,,,
,,,,,3543,5.0,5,,,,,,,,
,,,,,3546,3.0,3,,,,,,,,
,,,,,3550,4.0,4,,,,,,,,
,,,,,3555,5.0,5,,,,,,,,
,,,,,3565,10.0,10,,,,,,,,
,,,,,3569,4.0,4,,,,,,,,
,,,,,3579,10.0,10,,,,,,,,
,,,,,3595,16.0,16,,,,,,,,
,,,,,3598,3.0,3,,,,,,,,
,,,,,3605,7.0,7,,,,,,,,
,,,,,3612,7.0,7,,,,,,,,
,,,,,3620,8.0,8,,,,,,,,
,,,,,3624,4.0,4,,,,,,,,
,,,,,3631,7.0,7,,,,,,,,
,,,,,3640,9.0,9,,,,,,,,
,,,,,3652,12.0,12,,,,,,,,
,,,,,3656,4.0,4,,,,,,,,
,,,,,3661,5.0,5,,,,,,,,
,,,,,3677,16.0,16,,,,,,,,
,,,,,3681,4.0,4,,,,,,,,
,,,,,3685,4.0,4,,,,,,,,
,,,,,3693,8.0,8,,,,,,,,
,,,,,3707,14.0,14,,,,,,,,
,,,,,3712,5.0,5,,,,,,,,
,,,,,3716,4.0,4,,,,,,,,
,,,,,3727,11.0,11,,,,,,,,
,,,,,3734,7.0,7,,,,,,,,
,,,,,3737,3.0,3,,,,,,,,
,,,,,3744,7.0,7,,,,,,,,
,,,,,3761,17.0,17,,,,,,,,
,,,,,3770,9.0,9,,,,,,,,
,,,,,3785,15.0,15,,,,,,,,
,,,,,3790,5.0,5,,,,,,,,
,,,,,3806,16.0,16,,,,,,,,
,,,,,3820,14.0,14,,,,,,,,
,,,,,3827,7.0,7,,,,,,,,
,,,,,3831,4.0,4,,,,,,,,
,,,,,3836,5.0,5,,,,,,,,
,,,,,3841,5.0,5,,,,,,,,
,,,,,3844,3.0,3,,,,,,,,
,,,,,3850,6.0,6,,,,,,,,
,,,,,3855,5.0,5,,,,,,,,
,,,,,3858,3.0,3,,,,,,,,
,,,,,3876,18.0,18,,,,,,,,
,,,,,3887,11.0,11,,,,,,,,
,,,,,3890,3.0,3,,,,,,,,
,,,,,3895,5.0,5,,,,,,,,
,,,,,3899,4.0,4,,,,,,,,
,,,,,3914,15.0,15,,,,,,,,
,,,,,3923,9.0,9,,,,,,,,
,,,,,3928,5.0,5,,,,,,,,
,,,,,3937,9.0,9,,,,,,,,
,,,,,3945,8.0,8,,,,,,,,
,,,,,3954,9.0,9,,,,,,,,
,,,,,3959,5.0,5,,,,,,,,
,,,,,3971,12.0,12,,,,,,,,
,,,,,3986,15.0,15,,,,,,,,
,,,,,3992,6.0,6,,,,,,,,
,,,,,3996,4.0,4,,,,,,,,
,,,,,4001,5.0,5,,,,,,,,
,,,,,4007,6.0,6,,,,,,,,
,,,,,4012,5.0,5,,,,,,,,
,,,,,4016,4.0,4,,,,,,,,
,,,,,4022,6.0,6,,,,,,,,
,,,,,4033,11.0,11,,,,,,,,
,,,,,4041,8.0,8,,,,,,,,
,,,,,4045,4.0,4,,,,,,,,
,,,,,4060,15.0,15,,,,,,,,
,,,,,4065,5.0,5,,,,,,,,
,,,,,4070,5.0,5,,,,,,,,
,,,,,4074,4.0,4,,,,,,,,
,,,,,4081,7.0,7,,,,,,,,
,,,,,4085,4.0,4,,,,,,,,
,,,,,4089,4.0,4,,,,,,,,
,,,,,4095,6.0,6,,,,,,,,
,,,,,4099,4.0,4,,,,,,,,
,,,,,4115,16.0,16,,,,,,,,
,,,,,4123,8.0,8,,,,,,,,
,,,,,4128,5.0,5,,,,,,,,
,,,,,4133,5.0,5,,,,,,,,
,,,,,4144,11.0,11,,,,,,,,
,,,,,4147,3.0,3,,,,,,,,
,,,,,4152,5.0,5,,,,,,,,
,,,,,4161,9.0,9,,,,,,,,
,,,,,4170,9.0,9,,,,,,,,
,,,,,4175,5.0,5,,,,,,,,
,,,,,4182,7.0,7,,,,,,,,
,,,,,4186,4.0,4,,,,,,,,
,,,,,4190,4.0,4,,,,,,,,
,,,,,4202,12.0,12,,,,,,,,
,,,,,4208,6.0,6,,,,,,,,
,,,,,4213,5.0,5,,,,,,,,
,,,,,4216,3.0,3,,,,,,,,
,,,,,4224,8.0,8,,,,,,,,
,,,,,4227,3.0,3,,,,,,,,
,,,,,4232,5.0,5,,,,,,,,
,,,,,4243,11.0,11,,,,,,,,
,,,,,4250,7.0,7,,,,,,,,
,,,,,4258,8.0,8,,,,,,,,
,,,,,4267,9.0,9,,,,,,,,
,,,,,4281,14.0,14,,,,,,,,
,,,,,4287,6.0,6,,,,,,,,
,,,,,4293,6.0,6,,,,,,,,
,,,,,4307,14.0,14,,,,,,,,
,,,,,4315,8.0,8,,,,,,,,
,,,,,4324,9.0,9,,,,,,,,
,,,,,4331,7.0,7,,,,,,,,
,,,,,4337,6.0,6,,,,,,,,
,,,,,4340,3.0,3,,,,,,,,
,,,,,4360,20.0,20,,,,,,,,
,,,,,4363,3.0,3,,,,,,,,
,,,,,4366,3.0,3,,,,,,,,
,,,,,4370,4.0,4,,,,,,,,
,,,,,4374,4.0,4,,,,,,,,
,,,,,4378,4.0,4,,,,,,,,
,,,,,4387,9.0,9,,,,,,,,
,,,,,4394,7.0,7,,,,,,,,
,,,,,4398,4.0,4,,,,,,,,
,,,,,4406,8.0,8,,,,,,,,
,,,,,4410,4.0,4,,,,,,,,
,,,,,4415,5.0,5,,,,,,,,
,,,,,4419,4.0,4,,,,,,,,
,,,,,4429,10.0,10,,,,,,,,
,,,,,4436,7.0,7,,,,,,,,
,,,,,4440,4.0,4,,,,,,,,
,,,,,4445,5.0,5,,,,,,,,
,,,,,4450,5.0,5,,,,,,,,
,,,,,4454,4.0,4,,,,,,,,
,,,,,4460,6.0,6,,,,,,,,
,,,,,4466,6.0,6,,,,,,,,
,,,,,4471,5.0,5,,,,,,,,
,,,,,4475,4.0,4,,,,,,,,
,,,,,4480,5.0,5,,,,,,,,
,,,,,4511,31.0,31,,,,,,,,
,,,,,4521,10.0,10,,,,,,,,
,,,,,4524,3.0,3,,,,,,,,
,,,,,4529,5.0,5,,,,,,,,
,,,,,4537,8.0,8,,,,,,,,
,,,,,4540,3.0,3,,,,,,,,
,,,,,4543,3.0,3,,,,,,,,
,,,,,4546,3.0,3,,,,,,,,
,,,,,4550,4.0,4,,,,,,,,
,,,,,4556,6.0,6,,,,,,,,
,,,,,4560,4.0,4,,,,,,,,
,,,,,4564,4.0,4,,,,,,,,
,,,,,4582,18.0,18,,,,,,,,
,,,,,4588,6.0,6,,,,,,,,
,,,,,4591,3.0,3,,,,,,,,
,,,,,4598,7.0,7,,,,,,,,
,,,,,4611,13.0,13,,,,,,,,
,,,,,4615,4.0,4,,,,,,,,
,,,,,4620,5.0,5,,,,,,,,
,,,,,4624,4.0,4,,,,,,,,
,,,,,4631,7.0,7,,,,,,,,
,,,,,4638,7.0,7,,,,,,,,
,,,,,4642,4.0,4,,,,,,,,
,,,,,4647,5.0,5,,,,,,,,
,,,,,4665,18.0,18,,,,,,,,
,,,,,4670,5.0,5,,,,,,,,
,,,,,4679,9.0,9,,,,,,,,
,,,,,4684,5.0,5,,,,,,,,
,,,,,4688,4.0,4,,,,,,,,
,,,,,4693,5.0,5,,,,,,,,
,,,,,4696,3.0,3,,,,,,,,
,,,,,4700,4.0,4,,,,,,,,
,,,,,4704,4.0,4,,,,,,,,
,,,,,4713,9.0,9,,,,,,,,
,,,,,4719,6.0,6,,,,,,,,
,,,,,4723,4.0,4,,,,,,,,
,,,,,4727,4.0,4,,,,,,,,
,,,,,4731,4.0,4,,,,,,,,
,,,,,4737,6.0,6,,,,,,,,
,,,,,4743,6.0,6,,,,,,,,
,,,,,4753,10.0,10,,,,,,,,
,,,,,4761,8.0,8,,,,,,,,
,,,,,4765,4.0,4,,,,,,,,
,,,,,4776,11.0,11,,,,,,,,
,,,,,4784,8.0,8,,,,,,,,
,,,,,4792,8.0,8,,,,,,,,
,,,,,4798,6.0,6,,,,,,,,
,,,,,4805,7.0,7,,,,,,,,
,,,,,4815,10.0,10,,,,,,,,
,,,,,4820,5.0,5,,,,,,,,
,,,,,4827,7.0,7,,,,,,,,
,,,,,4835,8.0,8,,,,,,,,
,,,,,4853,18.0,18,,,,,,,,
,,,,,4857,4.0,4,,,,,,,,
,,,,,4868,11.0,11,,,,,,,,
,,,,,4871,3.0,3,,,,,,,,
,,,,,4879,8.0,8,,,,,,,,
,,,,,4891,12.0,12,,,,,,,,
,,,,,4898,7.0,7,,,,,,,,
,,,,,4909,11.0,11,,,,,,,,
,,,,,4913,4.0,4,,,,,,,,
,,,,,4917,4.0,4,,,,,,,,
,,,,,4924,7.0,7,,,,,,,,
,,,,,4929,5.0,5,,,,,,,,
,,,,,4932,3.0,3,,,,,,,,
,,,,,4935,3.0,3,,,,,,,,
,,,,,4941,6.0,6,,,,,,,,
,,,,,4944,3.0,3,,,,,,,,
,,,,,4956,12.0,12,,,,,,,,
,,,,,4960,4.0,4,,,,,,,,
,,,,,4971,11.0,11,,,,,,,,
,,,,,4985,14.0,14,,,,,,,,
,,,,,4995,10.0,10,,,,,,,,
7.2,3.026549,13.0,3.0,7.2,5000,,,-0.13264811038970947,0.6140230298042297,1.094773769378662,0.05953896790742874,1.1043140888214111,0.0003,0.0003,0.1
,,,,,5015,20.0,20,,,,,,,,
,,,,,5020,5.0,5,,,,,,,,
,,,,,5030,10.0,10,,,,,,,,
,,,,,5033,3.0,3,,,,,,,,
,,,,,5036,3.0,3,,,,,,,,
,,,,,5039,3.0,3,,,,,,,,
,,,,,5043,4.0,4,,,,,,,,
,,,,,5049,6.0,6,,,,,,,,
,,,,,5055,6.0,6,,,,,,,,
,,,,,5060,5.0,5,,,,,,,,
,,,,,5072,12.0,12,,,,,,,,
,,,,,5083,11.0,11,,,,,,,,
,,,,,5089,6.0,6,,,,,,,,
,,,,,5092,3.0,3,,,,,,,,
,,,,,5097,5.0,5,,,,,,,,
,,,,,5102,5.0,5,,,,,,,,
,,,,,5113,11.0,11,,,,,,,,
,,,,,5124,11.0,11,,,,,,,,
,,,,,5133,9.0,9,,,,,,,,
,,,,,5142,9.0,9,,,,,,,,
,,,,,5149,7.0,7,,,,,,,,
,,,,,5162,13.0,13,,,,,,,,
,,,,,5165,3.0,3,,,,,,,,
,,,,,5170,5.0,5,,,,,,,,
,,,,,5193,23.0,23,,,,,,,,
,,,,,5198,5.0,5,,,,,,,,
,,,,,5205,7.0,7,,,,,,,,
,,,,,5210,5.0,5,,,,,,,,
,,,,,5215,5.0,5,,,,,,,,
,,,,,5219,4.0,4,,,,,,,,
,,,,,5230,11.0,11,,,,,,,,
,,,,,5235,5.0,5,,,,,,,,
,,,,,5248,13.0,13,,,,,,,,
,,,,,5258,10.0,10,,,,,,,,
,,,,,5264,6.0,6,,,,,,,,
,,,,,5273,9.0,9,,,,,,,,
,,,,,5277,4.0,4,,,,,,,,
,,,,,5284,7.0,7,,,,,,,,
,,,,,5291,7.0,7,,,,,,,,
,,,,,5299,8.0,8,,,,,,,,
,,,,,5303,4.0,4,,,,,,,,
,,,,,5306,3.0,3,,,,,,,,
,,,,,5313,7.0,7,,,,,,,,
,,,,,5316,3.0,3,,,,,,,,
,,,,,5320,4.0,4,,,,,,,,
,,,,,5328,8.0,8,,,,,,,,
,,,,,5335,7.0,7,,,,,,,,
,,,,,5339,4.0,4,,,,,,,,
,,,,,5355,16.0,16,,,,,,,,
,,,,,5358,3.0,3,,,,,,,,
,,,,,5368,10.0,10,,,,,,,,
,,,,,5374,6.0,6,,,,,,,,
,,,,,5387,13.0,13,,,,,,,,
,,,,,5394,7.0,7,,,,,,,,
,,,,,5401,7.0,7,,,,,,,,
,,,,,5407,6.0,6,,,,,,,,
,,,,,5420,13.0,13,,,,,,,,
,,,,,5428,8.0,8,,,,,,,,
,,,,,5451,23.0,23,,,,,,,,
,,,,,5480,29.0,29,,,,,,,,
,,,,,5493,13.0,13,,,,,,,,
,,,,,5512,19.0,19,,,,,,,,
,,,,,5535,23.0,23,,,,,,,,
,,,,,5555,20.0,20,,,,,,,,
,,,,,5576,21.0,21,,,,,,,,
,,,,,5597,21.0,21,,,,,,,,
,,,,,5620,23.0,23,,,,,,,,
,,,,,5690,70.0,70,,,,,,,,
,,,,,5723,33.0,33,,,,,,,,
,,,,,5746,23.0,23,,,,,,,,
,,,,,5773,27.0,27,,,,,,,,
,,,,,5804,31.0,31,,,,,,,,
,,,,,5840,36.0,36,,,,,,,,
,,,,,5868,28.0,28,,,,,,,,
,,,,,5920,52.0,52,,,,,,,,
,,,,,5955,35.0,35,,,,,,,,
,,,,,5988,33.0,33,,,,,,,,
,,,,,6000,,,-4.770259857177734,-0.6634825468063354,0.9273574948310852,4.347611904144287,4.245931625366211,0.0003,0.0003,0.1
,,,,,6022,34.0,34,,,,,,,,
,,,,,6050,28.0,28,,,,,,,,
,,,,,6082,32.0,32,,,,,,,,
,,,,,6127,45.0,45,,,,,,,,
,,,,,6211,84.0,84,,,,,,,,
,,,,,6253,42.0,42,,,,,,,,
,,,,,6299,46.0,46,,,,,,,,
,,,,,6348,49.0,49,,,,,,,,
,,,,,6428,80.0,80,,,,,,,,
,,,,,6481,53.0,53,,,,,,,,
,,,,,6529,48.0,48,,,,,,,,
,,,,,6606,77.0,77,,,,,,,,
,,,,,6662,56.0,56,,,,,,,,
,,,,,6726,64.0,64,,,,,,,,
,,,,,6821,95.0,95,,,,,,,,
,,,,,6910,89.0,89,,,,,,,,
,,,,,6988,78.0,78,,,,,,,,
,,,,,7000,,,-9.622848510742188,-0.823229193687439,2.0336594581604004,8.756196022033691,8.614982604980469,0.0003,0.0003,0.1
,,,,,7053,65.0,65,,,,,,,,
,,,,,7128,75.0,75,,,,,,,,
,,,,,7207,79.0,79,,,,,,,,
,,,,,7374,167.0,167,,,,,,,,
,,,,,7471,97.0,97,,,,,,,,
,,,,,7562,91.0,91,,,,,,,,
,,,,,7657,95.0,95,,,,,,,,
,,,,,7762,105.0,105,,,,,,,,
,,,,,7869,107.0,107,,,,,,,,
,,,,,7979,110.0,110,,,,,,,,
,,,,,8000,,,-14.310198783874512,-0.9956820011138916,2.5016112327575684,12.449974060058594,12.417448043823242,0.0003,0.0003,0.1
,,,,,8087,108.0,108,,,,,,,,
,,,,,8184,97.0,97,,,,,,,,
,,,,,8279,95.0,95,,,,,,,,
,,,,,8389,110.0,110,,,,,,,,
,,,,,8474,85.0,85,,,,,,,,
,,,,,8566,92.0,92,,,,,,,,
,,,,,8660,94.0,94,,,,,,,,
,,,,,8731,71.0,71,,,,,,,,
,,,,,8856,125.0,125,,,,,,,,
,,,,,8941,85.0,85,,,,,,,,
,,,,,9000,,,-19.7009220123291,-0.7088814973831177,2.03163480758667,17.891565322875977,17.753732681274414,0.0003,0.0003,0.1
,,,,,9037,96.0,96,,,,,,,,
,,,,,9124,87.0,87,,,,,,,,
,,,,,9195,71.0,71,,,,,,,,
,,,,,9280,85.0,85,,,,,,,,
,,,,,9350,70.0,70,,,,,,,,
,,,,,9437,87.0,87,,,,,,,,
,,,,,9507,70.0,70,,,,,,,,
,,,,,9594,87.0,87,,,,,,,,
,,,,,9679,85.0,85,,,,,,,,
,,,,,9764,85.0,85,,,,,,,,
,,,,,9843,79.0,79,,,,,,,,
,,,,,9919,76.0,76,,,,,,,,
,,,,,9988,69.0,69,,,,,,,,
93.1,16.555664,117.0,67.0,93.1,10000,,,-23.84511947631836,-0.7286263108253479,4.778215408325195,20.98674201965332,21.23940086364746,0.0003,0.0003,0.1
,,,,,10062,74.0,74,,,,,,,,
,,,,,10171,109.0,109,,,,,,,,
,,,,,10244,73.0,73,,,,,,,,
,,,,,10305,61.0,61,,,,,,,,
,,,,,10371,66.0,66,,,,,,,,
,,,,,10437,66.0,66,,,,,,,,
,,,,,10505,68.0,68,,,,,,,,
,,,,,10655,150.0,150,,,,,,,,
,,,,,10729,74.0,74,,,,,,,,
,,,,,10810,81.0,81,,,,,,,,
,,,,,10880,70.0,70,,,,,,,,
,,,,,10969,89.0,89,,,,,,,,
,,,,,11000,,,-27.63580894470215,-0.5274872779846191,6.750019073486328,25.96902084350586,25.90410614013672,0.0003,0.0003,0.1
,,,,,11023,54.0,54,,,,,,,,
,,,,,11095,72.0,72,,,,,,,,
,,,,,11201,106.0,106,,,,,,,,
,,,,,11283,82.0,82,,,,,,,,
,,,,,11344,61.0,61,,,,,,,,
,,,,,11428,84.0,84,,,,,,,,
,,,,,11498,70.0,70,,,,,,,,
,,,,,11559,61.0,61,,,,,,,,
,,,,,11623,64.0,64,,,,,,,,
,,,,,11700,77.0,77,,,,,,,,
,,,,,11767,67.0,67,,,,,,,,
,,,,,11827,60.0,60,,,,,,,,
,,,,,11882,55.0,55,,,,,,,,
,,,,,11942,60.0,60,,,,,,,,
,,,,,12000,,,-31.722497940063477,-0.5112506151199341,8.215531349182129,29.00599479675293,28.65003204345703,0.0003,0.0003,0.1
,,,,,12017,75.0,75,,,,,,,,
,,,,,12075,58.0,58,,,,,,,,
,,,,,12145,70.0,70,,,,,,,,
,,,,,12235,90.0,90,,,,,,,,
,,,,,12310,75.0,75,,,,,,,,
,,,,,12391,81.0,81,,,,,,,,
,,,,,12470,79.0,79,,,,,,,,
,,,,,12546,76.0,76,,,,,,,,
,,,,,12628,82.0,82,,,,,,,,
,,,,,12705,77.0,77,,,,,,,,
,,,,,12776,71.0,71,,,,,,,,
,,,,,12885,109.0,109,,,,,,,,
,,,,,12964,79.0,79,,,,,,,,
,,,,,13000,,,-34.04975509643555,-0.756426990032196,8.20177173614502,32.28369140625,32.75189208984375,0.0003,0.0003,0.1
,,,,,13033,69.0,69,,,,,,,,
,,,,,13107,74.0,74,,,,,,,,
,,,,,13190,83.0,83,,,,,,,,
,,,,,13255,65.0,65,,,,,,,,
,,,,,13315,60.0,60,,,,,,,,
,,,,,13377,62.0,62,,,,,,,,
,,,,,13448,71.0,71,,,,,,,,
,,,,,13505,57.0,57,,,,,,,,
,,,,,13562,57.0,57,,,,,,,,
,,,,,13620,58.0,58,,,,,,,,
,,,,,13698,78.0,78,,,,,,,,
,,,,,13763,65.0,65,,,,,,,,
,,,,,13825,62.0,62,,,,,,,,
,,,,,13911,86.0,86,,,,,,,,
,,,,,13962,51.0,51,,,,,,,,
,,,,,14000,,,-36.876766204833984,-0.8874866962432861,9.61940860748291,33.64529800415039,33.64909362792969,0.0003,0.0003,0.1
,,,,,14024,62.0,62,,,,,,,,
,,,,,14082,58.0,58,,,,,,,,
,,,,,14138,56.0,56,,,,,,,,
,,,,,14201,63.0,63,,,,,,,,
,,,,,14275,74.0,74,,,,,,,,
,,,,,14375,100.0,100,,,,,,,,
,,,,,14442,67.0,67,,,,,,,,
,,,,,14498,56.0,56,,,,,,,,
,,,,,14576,78.0,78,,,,,,,,
,,,,,14625,49.0,49,,,,,,,,
,,,,,14674,49.0,49,,,,,,,,
,,,,,14731,57.0,57,,,,,,,,
,,,,,14785,54.0,54,,,,,,,,
,,,,,14834,49.0,49,,,,,,,,
,,,,,14891,57.0,57,,,,,,,,
,,,,,14958,67.0,67,,,,,,,,
60.1,5.872819,71.0,50.0,60.1,15000,,,-40.8546142578125,-0.6423324346542358,5.743137359619141,37.02375793457031,37.343528747558594,0.0003,0.0003,0.1
,,,,,15011,53.0,53,,,,,,,,
,,,,,15104,93.0,93,,,,,,,,
,,,,,15156,52.0,52,,,,,,,,
,,,,,15240,84.0,84,,,,,,,,
,,,,,15291,51.0,51,,,,,,,,
,,,,,15341,50.0,50,,,,,,,,
,,,,,15439,98.0,98,,,,,,,,
,,,,,15492,53.0,53,,,,,,,,
,,,,,15552,60.0,60,,,,,,,,
,,,,,15607,55.0,55,,,,,,,,
,,,,,15658,51.0,51,,,,,,,,
,,,,,15708,50.0,50,,,,,,,,
,,,,,15765,57.0,57,,,,,,,,
,,,,,15817,52.0,52,,,,,,,,
,,,,,15868,51.0,51,,,,,,,,
,,,,,15929,61.0,61,,,,,,,,
,,,,,15989,60.0,60,,,,,,,,
,,,,,16000,,,-42.404937744140625,-0.5660910606384277,7.585580825805664,41.02153015136719,41.33885955810547,0.0003,0.0003,0.1
,,,,,16042,53.0,53,,,,,,,,
,,,,,16087,45.0,45,,,,,,,,
,,,,,16140,53.0,53,,,,,,,,
,,,,,16193,53.0,53,,,,,,,,
,,,,,16248,55.0,55,,,,,,,,
,,,,,16300,52.0,52,,,,,,,,
,,,,,16351,51.0,51,,,,,,,,
,,,,,16399,48.0,48,,,,,,,,
,,,,,16463,64.0,64,,,,,,,,
,,,,,16515,52.0,52,,,,,,,,
,,,,,16574,59.0,59,,,,,,,,
,,,,,16639,65.0,65,,,,,,,,
,,,,,16689,50.0,50,,,,,,,,
,,,,,16740,51.0,51,,,,,,,,
,,,,,16794,54.0,54,,,,,,,,
,,,,,16854,60.0,60,,,,,,,,
,,,,,16906,52.0,52,,,,,,,,
,,,,,16964,58.0,58,,,,,,,,
,,,,,17000,,,-46.747859954833984,-0.5392767786979675,6.775389194488525,45.017452239990234,44.650821685791016,0.0003,0.0003,0.1
,,,,,17017,53.0,53,,,,,,,,
,,,,,17067,50.0,50,,,,,,,,
,,,,,17118,51.0,51,,,,,,,,
,,,,,17185,67.0,67,,,,,,,,
,,,,,17241,56.0,56,,,,,,,,
,,,,,17296,55.0,55,,,,,,,,
,,,,,17357,61.0,61,,,,,,,,
,,,,,17415,58.0,58,,,,,,,,
,,,,,17472,57.0,57,,,,,,,,
,,,,,17525,53.0,53,,,,,,,,
,,,,,17579,54.0,54,,,,,,,,
,,,,,17632,53.0,53,,,,,,,,
,,,,,17685,53.0,53,,,,,,,,
,,,,,17741,56.0,56,,,,,,,,
,,,,,17792,51.0,51,,,,,,,,
,,,,,17843,51.0,51,,,,,,,,
,,,,,17896,53.0,53,,,,,,,,
,,,,,17950,54.0,54,,,,,,,,
,,,,,18000,,,-47.55574417114258,-0.693149983882904,8.468796730041504,44.72370147705078,44.27521514892578,0.0003,0.0003,0.1
,,,,,18001,51.0,51,,,,,,,,
,,,,,18058,57.0,57,,,,,,,,
,,,,,18109,51.0,51,,,,,,,,
,,,,,18161,52.0,52,,,,,,,,
,,,,,18220,59.0,59,,,,,,,,
,,,,,18274,54.0,54,,,,,,,,
,,,,,18331,57.0,57,,,,,,,,
,,,,,18385,54.0,54,,,,,,,,
,,,,,18435,50.0,50,,,,,,,,
,,,,,18490,55.0,55,,,,,,,,
,,,,,18545,55.0,55,,,,,,,,
,,,,,18600,55.0,55,,,,,,,,
,,,,,18651,51.0,51,,,,,,,,
,,,,,18704,53.0,53,,,,,,,,
,,,,,18759,55.0,55,,,,,,,,
,,,,,18814,55.0,55,,,,,,,,
,,,,,18867,53.0,53,,,,,,,,
,,,,,18919,52.0,52,,,,,,,,
,,,,,18976,57.0,57,,,,,,,,
,,,,,19000,,,-49.27417755126953,-0.6663880944252014,3.8688998222351074,47.17572784423828,46.83289337158203,0.0003,0.0003,0.1
,,,,,19035,59.0,59,,,,,,,,
,,,,,19088,53.0,53,,,,,,,,
,,,,,19153,65.0,65,,,,,,,,
,,,,,19205,52.0,52,,,,,,,,
,,,,,19265,60.0,60,,,,,,,,
,,,,,19328,63.0,63,,,,,,,,
,,,,,19383,55.0,55,,,,,,,,
,,,,,19443,60.0,60,,,,,,,,
,,,,,19504,61.0,61,,,,,,,,
,,,,,19566,62.0,62,,,,,,,,
,,,,,19624,58.0,58,,,,,,,,
,,,,,19684,60.0,60,,,,,,,,
,,,,,19741,57.0,57,,,,,,,,
,,,,,19802,61.0,61,,,,,,,,
,,,,,19863,61.0,61,,,,,,,,
,,,,,19937,74.0,74,,,,,,,,
,,,,,20000,63.0,63,,,,,,,,
71.2,4.0199504,79.0,65.0,71.2,20000,,,-50.86899185180664,-0.8768303990364075,12.264383316040039,48.46414566040039,48.675437927246094,0.0003,0.0003,0.1
,,,,,20316,316.0,316,,,,,,,,
,,,,,20371,55.0,55,,,,,,,,
,,,,,20430,59.0,59,,,,,,,,
,,,,,20486,56.0,56,,,,,,,,
,,,,,20541,55.0,55,,,,,,,,
,,,,,20602,61.0,61,,,,,,,,
,,,,,20661,59.0,59,,,,,,,,
,,,,,20717,56.0,56,,,,,,,,
,,,,,20777,60.0,60,,,,,,,,
,,,,,20836,59.0,59,,,,,,,,
,,,,,20891,55.0,55,,,,,,,,
,,,,,20950,59.0,59,,,,,,,,
,,,,,21000,,,-52.778648376464844,-0.74799644947052,14.932132720947266,50.31660461425781,50.55525207519531,0.0003,0.0003,0.1
,,,,,21009,59.0,59,,,,,,,,
,,,,,21068,59.0,59,,,,,,,,
,,,,,21129,61.0,61,,,,,,,,
,,,,,21189,60.0,60,,,,,,,,
,,,,,21252,63.0,63,,,,,,,,
,,,,,21309,57.0,57,,,,,,,,
,,,,,21368,59.0,59,,,,,,,,
,,,,,21424,56.0,56,,,,,,,,
,,,,,21488,64.0,64,,,,,,,,
,,,,,21546,58.0,58,,,,,,,,
,,,,,21609,63.0,63,,,,,,,,
,,,,,21668,59.0,59,,,,,,,,
,,,,,21728,60.0,60,,,,,,,,
,,,,,21789,61.0,61,,,,,,,,
,,,,,21849,60.0,60,,,,,,,,
,,,,,21908,59.0,59,,,,,,,,
,,,,,21968,60.0,60,,,,,,,,
,,,,,22000,,,-54.25984573364258,-0.9030761122703552,8.013382911682129,51.463226318359375,51.33165740966797,0.0003,0.0003,0.1
,,,,,22029,61.0,61,,,,,,,,
,,,,,22092,63.0,63,,,,,,,,
,,,,,22154,62.0,62,,,,,,,,
,,,,,22216,62.0,62,,,,,,,,
,,,,,22274,58.0,58,,,,,,,,
,,,,,22337,63.0,63,,,,,,,,
,,,,,22396,59.0,59,,,,,,,,
,,,,,22462,66.0,66,,,,,,,,
,,,,,22522,60.0,60,,,,,,,,
,,,,,22580,58.0,58,,,,,,,,
,,,,,22643,63.0,63,,,,,,,,
,,,,,22700,57.0,57,,,,,,,,
,,,,,22757,57.0,57,,,,,,,,
,,,,,22816,59.0,59,,,,,,,,
,,,,,22875,59.0,59,,,,,,,,
,,,,,22933,58.0,58,,,,,,,,
,,,,,22993,60.0,60,,,,,,,,
,,,,,23000,,,-55.34813690185547,-0.8059494495391846,22.731937408447266,52.64710998535156,52.39244842529297,0.0003,0.0003,0.1
,,,,,23053,60.0,60,,,,,,,,
,,,,,23111,58.0,58,,,,,,,,
,,,,,23169,58.0,58,,,,,,,,
,,,,,23229,60.0,60,,,,,,,,
,,,,,23288,59.0,59,,,,,,,,
,,,,,23349,61.0,61,,,,,,,,
,,,,,23408,59.0,59,,,,,,,,
,,,,,23469,61.0,61,,,,,,,,
,,,,,23532,63.0,63,,,,,,,,
,,,,,23588,56.0,56,,,,,,,,
,,,,,23645,57.0,57,,,,,,,,
,,,,,23703,58.0,58,,,,,,,,
,,,,,23761,58.0,58,,,,,,,,
,,,,,23817,56.0,56,,,,,,,,
,,,,,23877,60.0,60,,,,,,,,
,,,,,23936,59.0,59,,,,,,,,
,,,,,23993,57.0,57,,,,,,,,
,,,,,24000,,,-53.89270782470703,-0.8104457259178162,6.0595197677612305,52.28644561767578,52.20997619628906,0.0003,0.0003,0.1
,,,,,24049,56.0,56,,,,,,,,
,,,,,24106,57.0,57,,,,,,,,
,,,,,24160,54.0,54,,,,,,,,
,,,,,24215,55.0,55,,,,,,,,
,,,,,24271,56.0,56,,,,,,,,
,,,,,24327,56.0,56,,,,,,,,
,,,,,24381,54.0,54,,,,,,,,
,,,,,24434,53.0,53,,,,,,,,
,,,,,24486,52.0,52,,,,,,,,
,,,,,24542,56.0,56,,,,,,,,
,,,,,24599,57.0,57,,,,,,,,
,,,,,24652,53.0,53,,,,,,,,
,,,,,24707,55.0,55,,,,,,,,
,,,,,24761,54.0,54,,,,,,,,
,,,,,24818,57.0,57,,,,,,,,
,,,,,24871,53.0,53,,,,,,,,
,,,,,24927,56.0,56,,,,,,,,
,,,,,24981,54.0,54,,,,,,,,
56.8,1.2489996,58.0,54.0,56.8,25000,,,-57.68833541870117,-0.8055734634399414,24.79337501525879,56.33269119262695,56.03292465209961,0.0003,0.0003,0.1
,,,,,25036,55.0,55,,,,,,,,
,,,,,25095,59.0,59,,,,,,,,
,,,,,25149,54.0,54,,,,,,,,
,,,,,25206,57.0,57,,,,,,,,
,,,,,25264,58.0,58,,,,,,,,
,,,,,25324,60.0,60,,,,,,,,
,,,,,25386,62.0,62,,,,,,,,
,,,,,25445,59.0,59,,,,,,,,
,,,,,25506,61.0,61,,,,,,,,
,,,,,25567,61.0,61,,,,,,,,
,,,,,25630,63.0,63,,,,,,,,
,,,,,25694,64.0,64,,,,,,,,
,,,,,25762,68.0,68,,,,,,,,
,,,,,25828,66.0,66,,,,,,,,
,,,,,26000,,,-56.83564376831055,-0.8790397047996521,7.008471488952637,54.87145233154297,55.17241287231445,0.0003,0.0003,0.1
,,,,,26828,1000.0,1000,,,,,,,,
,,,,,26889,61.0,61,,,,,,,,
,,,,,26949,60.0,60,,,,,,,,
,,,,,27000,,,-58.401573181152344,-0.5978174209594727,1.4167402982711792,56.959938049316406,56.84523391723633,0.0003,0.0003,0.1
,,,,,27008,59.0,59,,,,,,,,
,,,,,27067,59.0,59,,,,,,,,
,,,,,28000,,,-59.188297271728516,-0.9189327955245972,2.3710899353027344,56.89308166503906,56.975616455078125,0.0003,0.0003,0.1
,,,,,28067,1000.0,1000,,,,,,,,
,,,,,29000,,,-59.517738342285156,-1.015163779258728,1.3188310861587524,58.80576705932617,58.73467254638672,0.0003,0.0003,0.1
,,,,,29067,1000.0,1000,,,,,,,,
1000.0,0.0,1000.0,1000.0,1000.0,30000,,,-57.8015251159668,-1.104406714439392,14.0293550491333,54.37616729736328,54.13252258300781,0.0003,0.0003,0.1
,,,,,30067,1000.0,1000,,,,,,,,
,,,,,31000,,,-61.90876770019531,-1.1269903182983398,4.9798431396484375,59.3929557800293,59.24628448486328,0.0003,0.0003,0.1
,,,,,31067,1000.0,1000,,,,,,,,
,,,,,32000,,,-62.927574157714844,-1.2175723314285278,3.9271249771118164,58.93374252319336,59.148597717285156,0.0003,0.0003,0.1
,,,,,32067,1000.0,1000,,,,,,,,
,,,,,33000,,,-64.24640655517578,-0.9554654955863953,2.4763777256011963,62.156124114990234,62.03186798095703,0.0003,0.0003,0.1
,,,,,33067,1000.0,1000,,,,,,,,
,,,,,34000,,,-61.350730895996094,-1.0596299171447754,7.847991466522217,59.32047653198242,59.10542678833008,0.0003,0.0003,0.1
,,,,,34067,1000.0,1000,,,,,,,,
1000.0,0.0,1000.0,1000.0,1000.0,35000,,,-64.15766143798828,-1.1254924535751343,7.492839336395264,61.9761962890625,62.17262268066406,0.0003,0.0003,0.1
,,,,,35067,1000.0,1000,,,,,,,,
,,,,,36000,,,-66.81684875488281,-1.2720249891281128,6.085852146148682,64.15250396728516,64.27537536621094,0.0003,0.0003,0.1
,,,,,36067,1000.0,1000,,,,,,,,
,,,,,37000,,,-64.70468139648438,-1.064927577972412,1.889729619026184,62.43921661376953,62.382022857666016,0.0003,0.0003,0.1
,,,,,37067,1000.0,1000,,,,,,,,
,,,,,38000,,,-67.2877426147461,-1.266669750213623,10.019847869873047,64.64484405517578,64.22537994384766,0.0003,0.0003,0.1
,,,,,38067,1000.0,1000,,,,,,,,
,,,,,39000,,,-71.3005599975586,-1.2144496440887451,4.667435646057129,69.61268615722656,69.79090118408203,0.0003,0.0003,0.1
,,,,,39067,1000.0,1000,,,,,,,,
1000.0,0.0,1000.0,1000.0,1000.0,40000,,,-68.68955993652344,-1.178560733795166,5.703697204589844,66.72916412353516,66.90463256835938,0.0003,0.0003,0.1
,,,,,40067,1000.0,1000,,,,,,,,
,,,,,41000,,,-69.20892333984375,-1.3299322128295898,5.879024505615234,66.58195495605469,66.80540466308594,0.0003,0.0003,0.1
,,,,,41067,1000.0,1000,,,,,,,,
,,,,,42000,,,-68.48992156982422,-1.1725378036499023,1.7554736137390137,67.65016174316406,67.4908218383789,0.0003,0.0003,0.1
,,,,,42067,1000.0,1000,,,,,,,,
,,,,,43000,,,-71.47518920898438,-1.0919532775878906,1.3617444038391113,68.6172103881836,68.59368133544922,0.0003,0.0003,0.1
,,,,,43067,1000.0,1000,,,,,,,,
,,,,,44000,,,-76.4272689819336,-1.293280005455017,3.4956130981445312,73.8780517578125,74.15628814697266,0.0003,0.0003,0.1
,,,,,44067,1000.0,1000,,,,,,,,
1000.0,0.0,1000.0,1000.0,1000.0,45000,,,-71.77813720703125,-1.2628333568572998,17.610736846923828,69.33639526367188,69.17858123779297,0.0003,0.0003,0.1
,,,,,45067,1000.0,1000,,,,,,,,
,,,,,46000,,,-74.59503173828125,-1.0588099956512451,4.254683971405029,72.86083984375,72.65262603759766,0.0003,0.0003,0.1
,,,,,46067,1000.0,1000,,,,,,,,
,,,,,47000,,,-73.75178527832031,-1.1243958473205566,3.0764856338500977,71.8102035522461,72.0727310180664,0.0003,0.0003,0.1
,,,,,47067,1000.0,1000,,,,,,,,
,,,,,48000,,,-74.5058822631836,-0.8788622617721558,12.126168251037598,73.50993347167969,72.97269439697266,0.0003,0.0003,0.1
,,,,,48067,1000.0,1000,,,,,,,,
,,,,,49000,,,-75.7230224609375,-1.2447811365127563,8.696426391601562,74.26227569580078,73.91344451904297,0.0003,0.0003,0.1
,,,,,49067,1000.0,1000,,,,,,,,
